Wii Sports,Kinect Adventures!,Grand Theft Auto: Vice City,Super Mario 64,Animal Crossing: New Leaf,The Elder Scrolls V: Skyrim
Wii Sports,Gran Turismo 3: A-Spec,Call of Duty: Black Ops 3,Just Dance 3,Wii Party
Wii Sports,Pokemon Red/Pokemon Blue,Pokemon Ruby/Pokemon Sapphire,Pokemon Omega Ruby/Pokemon Alpha Sapphire,Mario Party DS
Wii Sports,Super Mario Galaxy,Final Fantasy VII
Wii Sports,Wii Sports Resort,Nintendogs,Grand Theft Auto: Vice City
Wii Sports,Tetris,Duck Hunt,Wii Fit Plus,GoldenEye 007
Wii Sports,Call of Duty: Modern Warfare 2,Animal Crossing: Wild World,New Super Mario Bros. 2,Halo 4,Star Wars Battlefront (2015)
Wii Sports,Grand Theft Auto: Vice City,FIFA 16,Wii Party,Pokemon Black 2/Pokemon White 2
Wii Sports,Wii Fit,Donkey Kong Country
Wii Sports,New Super Mario Bros. Wii,Super Smash Bros. Brawl,GoldenEye 007
Wii Sports,Pokemon X/Pokemon Y,Minecraft,Super Mario Galaxy 2
Wii Sports,Wii Party,The Sims 3,Mario & Sonic at the Olympic Games,Super Smash Bros. for Wii U and 3DS
Wii Sports,Super Mario Bros.,Call of Duty: Black Ops II,The Legend of Zelda: Ocarina of Time
Wii Sports,Super Mario Bros.,Mario Kart DS,Gran Turismo,Final Fantasy VII
Wii Sports,Call of Duty: Black Ops II,Just Dance 2,Mario Party 8
Wii Sports,Tetris,Halo: Reach,Crash Bandicoot 2: Cortex Strikes Back
Wii Sports,Tetris,Nintendogs,Minecraft
Wii Sports,Call of Duty: Black Ops 3,Halo 3,Pokemon Omega Ruby/Pokemon Alpha Sapphire,Pokemon Black 2/Pokemon White 2
Wii Sports,Super Mario World,Pokémon Yellow: Special Pikachu Edition,Pokemon X/Pokemon Y,The Sims 3
Wii Sports,Call of Duty: Modern Warfare 2,The Sims 3,Crash Bandicoot 2: Cortex Strikes Back
Wii Sports,Grand Theft Auto IV,Call of Duty: Ghosts,Halo: Reach,Super Mario Kart
Wii Sports,New Super Mario Bros. Wii,Pokemon Ruby/Pokemon Sapphire
Wii Sports,Wii Sports Resort,Super Mario Land,Wii Party,The Legend of Zelda: Ocarina of Time
Wii Sports,Super Mario 64,Pokemon Black 2/Pokemon White 2,Super Smash Bros. for Wii U and 3DS
Wii Sports,Kinect Adventures!,Pokémon Yellow: Special Pikachu Edition,The Sims 3,Grand Theft Auto: Liberty City Stories
Wii Sports,New Super Mario Bros. Wii,Call of Duty: Modern Warfare 2,Call of Duty: World at War
Wii Sports,Pokemon Ruby/Pokemon Sapphire,Call of Duty: Black Ops II,Animal Crossing: Wild World,Minecraft
Wii Sports,Wii Sports Resort,Animal Crossing: New Leaf,Crash Bandicoot 2: Cortex Strikes Back
Wii Sports,Wii Fit,Just Dance 2
Wii Sports,Wii Sports Resort,Pokemon Red/Pokemon Blue
Wii Sports,Tetris,Grand Theft Auto III,Just Dance 2
Wii Sports,Super Mario Land,Grand Theft Auto: Vice City,Pokemon X/Pokemon Y,Halo: Reach
Wii Sports,Call of Duty: Black Ops II,Super Mario 3D Land,Mario Party DS,Pokémon Platinum Version
Wii Sports,Halo: Reach,Halo 4,Final Fantasy X,Crash Bandicoot 2: Cortex Strikes Back
Wii Sports,Wii Sports Resort,Call of Duty: Black Ops 3,Mario Kart 64
Wii Sports,Call of Duty: Black Ops 3,Animal Crossing: Wild World,New Super Mario Bros. 2
Wii Sports,Super Mario Bros.,Call of Duty: Modern Warfare 2,Halo: Reach,FIFA Soccer 13
Wii Sports,Wii Play,Pokemon Gold/Pokemon Silver,Gran Turismo 5,Call of Duty 4: Modern Warfare
Wii Sports,Super Mario Bros.,Super Mario Kart,Wii Party,Super Mario Bros. 2
Wii Sports,Gran Turismo 4,Just Dance 3,Halo: Reach,Super Mario Bros. 2
Wii Sports,Brain Age: Train Your Brain in Minutes a Day,Mario & Sonic at the Olympic Games
Wii Sports,Mario Kart Wii,Wii Play,Call of Duty: Advanced Warfare
Wii Sports,Grand Theft Auto III,Animal Crossing: Wild World,Grand Theft Auto IV,FIFA Soccer 13,Final Fantasy X
Wii Sports,Gran Turismo 3: A-Spec,Pokémon Yellow: Special Pikachu Edition,Donkey Kong Country
Wii Sports,Mario Kart 64,Call of Duty 4: Modern Warfare,Pokemon Black 2/Pokemon White 2
Wii Sports,Wii Play,Super Smash Bros. Brawl
Wii Sports,Super Mario Land,Call of Duty: Modern Warfare 3,Just Dance 3
Super Mario Bros.,Tetris,Mario Kart 7,Pokemon Omega Ruby/Pokemon Alpha Sapphire,Final Fantasy VIII,Battlefield 3
Super Mario Bros.,Duck Hunt,Grand Theft Auto: San Andreas,Pokemon FireRed/Pokemon LeafGreen
Super Mario Bros.,Nintendogs,Pac-Man
Super Mario Bros.,Gran Turismo 3: A-Spec,Call of Duty: Black Ops II,Mario Party 8,Crash Bandicoot 2: Cortex Strikes Back
Super Mario Bros.,Grand Theft Auto V,Call of Duty: Black Ops 3,Final Fantasy X,Grand Theft Auto: Liberty City Stories
Super Mario Bros.,Mario Kart Wii,FIFA 16
Super Mario Bros.,Call of Duty: Black Ops,Call of Duty: Ghosts,Mario Kart 64
Super Mario Bros.,New Super Mario Bros.,Super Mario Bros. 3,Pokemon HeartGold/Pokemon SoulSilver
Super Mario Bros.,Mario Kart Wii,Duck Hunt,Mario Kart DS,Grand Theft Auto: San Andreas,Gran Turismo
Super Mario Bros.,Super Smash Bros. Brawl,Call of Duty: Ghosts,New Super Mario Bros. 2,Call of Duty 4: Modern Warfare
Super Mario Bros.,Super Smash Bros. Brawl,Super Mario All-Stars,Mario Kart 64,Star Wars Battlefront (2015)
Super Mario Bros.,Grand Theft Auto: Vice City,Halo 3,The Sims 3,Super Mario Bros. 2
Super Mario Bros.,Grand Theft Auto: Vice City,Super Mario Galaxy,Super Mario 3D Land,The Sims 3,Super Mario Bros. 2
Super Mario Bros.,Wii Sports Resort,Super Smash Bros. Brawl,Call of Duty: World at War
Super Mario Bros.,Gran Turismo 3: A-Spec,Call of Duty: Modern Warfare 2,Pokemon FireRed/Pokemon LeafGreen
Super Mario Bros.,Call of Duty: Modern Warfare 3,Halo 3,Donkey Kong Country,The Sims 3
Super Mario Bros.,Call of Duty: Modern Warfare 3,Gran Turismo 5
Super Mario Bros.,Pokemon Gold/Pokemon Silver,Super Mario Land,Halo 4,Call of Duty 4: Modern Warfare,Minecraft
Super Mario Bros.,Tetris,New Super Mario Bros. Wii,Gran Turismo 5,Call of Duty 4: Modern Warfare
Super Mario Bros.,Grand Theft Auto V,Pokémon Yellow: Special Pikachu Edition,Super Mario Galaxy
Super Mario Bros.,Pokemon Red/Pokemon Blue
Super Mario Bros.,Mario Kart Wii,Brain Age: Train Your Brain in Minutes a Day,Pokemon FireRed/Pokemon LeafGreen,Super Smash Bros. for Wii U and 3DS
Super Mario Bros.,Pokemon Omega Ruby/Pokemon Alpha Sapphire,Halo 2,Crash Bandicoot 2: Cortex Strikes Back
Super Mario Bros.,New Super Mario Bros.,Wii Play,Halo 3,Call of Duty 4: Modern Warfare
Super Mario Bros.,Halo 2,GoldenEye 007
Super Mario Bros.,Wii Fit Plus,FIFA 16,Halo 2
Super Mario Bros.,Mario Kart Wii,Pokemon Diamond/Pokemon Pearl,Mario Party DS,FIFA Soccer 13
Super Mario Bros.,Gran Turismo 3: A-Spec,Call of Duty: Modern Warfare 3,Super Mario Land 2: 6 Golden Coins
Super Mario Bros.,Pokemon Gold/Pokemon Silver,Super Mario Galaxy,Minecraft,Mario & Sonic at the Olympic Games,Super Mario Bros. 2
Super Mario Bros.,Brain Age: Train Your Brain in Minutes a Day,Just Dance 2,Mario Party DS,Halo 2
Super Mario Bros.,Mario Kart DS,Super Mario 3D Land,The Legend of Zelda: Ocarina of Time
Super Mario Bros.,Brain Age 2: More Training in Minutes a Day,Mario Kart 7
Super Mario Bros.,Duck Hunt,Animal Crossing: Wild World,Grand Theft Auto IV
Super Mario Bros.,Mario Kart 7,Super Mario All-Stars,Final Fantasy VII
Super Mario Bros.,Pokémon Yellow: Special Pikachu Edition,Call of Duty: Black Ops II,Super Mario Galaxy,Gran Turismo 2
Super Mario Bros.,Tetris,Gran Turismo 4,Grand Theft Auto IV,Super Mario Galaxy 2
Super Mario Bros.,Final Fantasy VII,Gran Turismo 2,Animal Crossing: New Leaf,Super Mario Kart
Super Mario Bros.,New Super Mario Bros. 2,Final Fantasy X
Super Mario Bros.,Super Mario 3D Land,Mario Kart 64,GoldenEye 007
Super Mario Bros.,Super Mario Bros. 3,Pokemon Black 2/Pokemon White 2,Pokémon Platinum Version
Super Mario Bros.,Wii Sports Resort,Pokemon Diamond/Pokemon Pearl,Pokemon HeartGold/Pokemon SoulSilver
Super Mario Bros.,Wii Sports Resort,Mario Kart DS,Pokémon Yellow: Special Pikachu Edition
Super Mario Bros.,Pokemon Red/Pokemon Blue,Grand Theft Auto III,Super Mario 64,Crash Bandicoot 2: Cortex Strikes Back
Super Mario Bros.,Pokemon Red/Pokemon Blue,Wii Fit,Donkey Kong Country
Mario Kart Wii,Grand Theft Auto: Vice City,Call of Duty: Black Ops 3,Gran Turismo 4
Mario Kart Wii,Pokemon Red/Pokemon Blue,Pokémon Yellow: Special Pikachu Edition,Super Mario Galaxy 2,Call of Duty: Advanced Warfare
Mario Kart Wii,Kinect Adventures!,Grand Theft Auto: Liberty City Stories,Call of Duty: World at War
Mario Kart Wii,Halo 3,Gran Turismo 4,Just Dance 2,The Elder Scrolls V: Skyrim,The Sims 3
Mario Kart Wii,Call of Duty: Black Ops 3,Final Fantasy VII,Animal Crossing: New Leaf,Super Mario Kart
Mario Kart Wii,Wii Fit Plus,Brain Age 2: More Training in Minutes a Day,Super Mario Land 2: 6 Golden Coins,Super Mario 3D Land
Mario Kart Wii,Brain Age 2: More Training in Minutes a Day,Super Mario Land 2: 6 Golden Coins,The Elder Scrolls V: Skyrim
Mario Kart Wii,Brain Age: Train Your Brain in Minutes a Day,Super Mario Galaxy,Super Mario Kart
Mario Kart Wii,Duck Hunt,Call of Duty: Black Ops 3,Gran Turismo,Halo: Reach
Mario Kart Wii,Super Mario 3D Land,Just Dance 3,FIFA Soccer 13
Mario Kart Wii,New Super Mario Bros. Wii,Pokemon Gold/Pokemon Silver,The Elder Scrolls V: Skyrim
Mario Kart Wii,Call of Duty: Ghosts,Halo 4,Call of Duty 4: Modern Warfare,Mario Party DS
Mario Kart Wii,Grand Theft Auto: Vice City,Gran Turismo 4,Super Mario All-Stars,Halo 4
Mario Kart Wii,Super Mario Land 2: 6 Golden Coins,GoldenEye 007,Battlefield 3
Mario Kart Wii,Wii Play,Grand Theft Auto IV,New Super Mario Bros. 2,GoldenEye 007,Mario & Sonic at the Olympic Games
Mario Kart Wii,New Super Mario Bros. Wii,Wii Fit Plus,Gran Turismo 2,Mario & Sonic at the Olympic Games
Mario Kart Wii,Super Mario All-Stars,Mario Party 8,Pokemon Black 2/Pokemon White 2,The Sims 3,Super Mario Bros. 2
Mario Kart Wii,Wii Fit,Pokemon Diamond/Pokemon Pearl,Call of Duty: Modern Warfare 3,Just Dance 3
Mario Kart Wii,Super Mario World,GoldenEye 007
Mario Kart Wii,Pokemon X/Pokemon Y,Mario Kart 7,Super Mario 3D Land,Just Dance 2
Mario Kart Wii,Duck Hunt,Pokemon Gold/Pokemon Silver,Grand Theft Auto IV,FIFA Soccer 13
Mario Kart Wii,Wii Party,Star Wars Battlefront (2015)
Mario Kart Wii,Grand Theft Auto: Vice City,Super Mario Land 2: 6 Golden Coins
Mario Kart Wii,Grand Theft Auto: Vice City,Call of Duty: Black Ops 3,Super Mario Kart,The Legend of Zelda: Ocarina of Time
Mario Kart Wii,Super Mario Galaxy,Super Mario Land 2: 6 Golden Coins,FIFA Soccer 13,The Sims 3
Mario Kart Wii,Pokemon X/Pokemon Y,Mario Kart 7,Super Mario 64,Mario & Sonic at the Olympic Games
Mario Kart Wii,Super Mario Galaxy,Gran Turismo 5,Minecraft
Mario Kart Wii,Pokemon FireRed/Pokemon LeafGreen,Mario Kart 64,Wii Party
Mario Kart Wii,Pokemon Gold/Pokemon Silver,Super Mario Land,Call of Duty: Ghosts
Mario Kart Wii,Pokemon Black 2/Pokemon White 2,Call of Duty: Advanced Warfare
Mario Kart Wii,Super Mario World,Final Fantasy VII,Just Dance 2,GoldenEye 007
Mario Kart Wii,Super Mario World,Super Mario 64,Halo: Reach,Minecraft,GoldenEye 007
Mario Kart Wii,Wii Fit,Call of Duty: Modern Warfare 2,Mario Kart 7,Just Dance 2
Mario Kart Wii,New Super Mario Bros.,Gran Turismo 2,Call of Duty: World at War
Mario Kart Wii,Wii Sports Resort,Pokemon Red/Pokemon Blue,Gran Turismo 2,Call of Duty: World at War
Mario Kart Wii,Duck Hunt,Call of Duty: Black Ops,Gran Turismo 2,Battlefield 3
Mario Kart Wii,Gran Turismo 2,Pokémon Platinum Version,Pac-Man
Mario Kart Wii,Brain Age: Train Your Brain in Minutes a Day,Call of Duty: World at War
Mario Kart Wii,Pokemon Black/Pokemon White,Call of Duty: Black Ops 3,Animal Crossing: Wild World,Super Mario Bros. 2
Mario Kart Wii,Pokemon Gold/Pokemon Silver,Wii Fit,Super Mario Bros. 3,Halo 4,Final Fantasy VII
Mario Kart Wii,Wii Fit Plus,Call of Duty: Modern Warfare 2,Halo 3,Call of Duty: Ghosts,Call of Duty: Advanced Warfare
Mario Kart Wii,Super Mario Galaxy,Just Dance 3,Halo: Reach,Minecraft,Wii Party
Wii Sports Resort,Pokemon Black/Pokemon White,Call of Duty: Black Ops,Super Mario Galaxy
Wii Sports Resort,Call of Duty: Modern Warfare 2,Pokemon FireRed/Pokemon LeafGreen,Mario Kart 64,Wii Party,Mario & Sonic at the Olympic Games
Wii Sports Resort,New Super Mario Bros. Wii,Wii Fit,Mario & Sonic at the Olympic Games,Pokémon Platinum Version
Wii Sports Resort,Wii Play,Pokemon Black/Pokemon White,Call of Duty: Modern Warfare 3,Final Fantasy X
Wii Sports Resort,New Super Mario Bros. Wii,Grand Theft Auto III,The Elder Scrolls V: Skyrim
Wii Sports Resort,Grand Theft Auto V,Super Mario Bros. 3,Halo 4,FIFA 16
Wii Sports Resort,Super Smash Bros. Brawl,Super Mario Galaxy,Gran Turismo
Wii Sports Resort,Pokemon Ruby/Pokemon Sapphire,Call of Duty: Black Ops 3,Pokemon HeartGold/Pokemon SoulSilver,Final Fantasy VIII
Wii Sports Resort,Mario Kart DS,Just Dance 3,Final Fantasy VII,Just Dance 2
Wii Sports Resort,Pokemon Gold/Pokemon Silver,Pokemon FireRed/Pokemon LeafGreen,FIFA Soccer 13,Super Mario Galaxy 2
Wii Sports Resort,Halo: Reach,FIFA 16
Wii Sports Resort,New Super Mario Bros.,Pokemon X/Pokemon Y,Mario Kart 7,Super Mario 64,Just Dance 3
Wii Sports Resort,New Super Mario Bros. Wii,Super Mario Land,Gran Turismo 5,Final Fantasy VII,Just Dance 2
Wii Sports Resort,Grand Theft Auto: Vice City,Call of Duty: Black Ops,Pokemon Omega Ruby/Pokemon Alpha Sapphire,Minecraft
Wii Sports Resort,Call of Duty: Black Ops II,Grand Theft Auto III,Call of Duty 4: Modern Warfare,Final Fantasy X
Wii Sports Resort,Tetris,New Super Mario Bros. Wii,The Sims 3
Wii Sports Resort,Nintendogs,Pokemon Diamond/Pokemon Pearl,Call of Duty: Advanced Warfare
Wii Sports Resort,Super Mario World,Pokemon Ruby/Pokemon Sapphire,Gran Turismo 3: A-Spec,Super Mario All-Stars
Wii Sports Resort,Pokemon Gold/Pokemon Silver,Super Mario World,Pokemon Black 2/Pokemon White 2,Final Fantasy X
Wii Sports Resort,Tetris,Wii Play,Grand Theft Auto: San Andreas,Brain Age 2: More Training in Minutes a Day
Wii Sports Resort,Pokemon Black/Pokemon White,Gran Turismo,Gran Turismo 5,Call of Duty: Ghosts
Wii Sports Resort,Pokemon Red/Pokemon Blue,Pokemon X/Pokemon Y,Mario Party DS,Mario Party 8,GoldenEye 007
Wii Sports Resort,Grand Theft Auto V,Super Mario Bros. 3,Mario Kart 7,Gran Turismo 5,Just Dance 3
Wii Sports Resort,Super Mario All-Stars,Just Dance 2,Pac-Man
Wii Sports Resort,New Super Mario Bros.,Wii Fit Plus,The Sims 3,Super Smash Bros. for Wii U and 3DS
Wii Sports Resort,Grand Theft Auto III,Halo 4,Gran Turismo 2,Donkey Kong Country
Wii Sports Resort,Wii Fit,Super Mario Bros. 3,Super Mario All-Stars,Call of Duty: Ghosts
Wii Sports Resort,Wii Play,Brain Age 2: More Training in Minutes a Day,Halo: Reach,The Sims 3,Crash Bandicoot 2: Cortex Strikes Back
Wii Sports Resort,Super Mario Bros. 3,Call of Duty: Black Ops II,Mario Kart 64
Wii Sports Resort,Grand Theft Auto V,Super Mario World,Mario Party 8
Wii Sports Resort,Pokemon Red/Pokemon Blue,FIFA Soccer 13
Wii Sports Resort,Grand Theft Auto: San Andreas,Super Mario All-Stars,Mario Kart 64,New Super Mario Bros. 2
Wii Sports Resort,Pokemon Diamond/Pokemon Pearl,Pokemon Black/Pokemon White,Call of Duty: Black Ops 3,Star Wars Battlefront (2015)
Wii Sports Resort,Nintendogs,Brain Age: Train Your Brain in Minutes a Day,Grand Theft Auto IV,FIFA 16
Wii Sports Resort,Mario Kart 7,Animal Crossing: New Leaf,Pokemon Black 2/Pokemon White 2
Wii Sports Resort,Super Mario Land,Call of Duty: Black Ops 3,Halo 3,The Elder Scrolls V: Skyrim
Wii Sports Resort,Call of Duty: Ghosts,FIFA 16,Super Mario Galaxy 2,Super Smash Bros. for Wii U and 3DS
Wii Sports Resort,Mario Kart DS,Gran Turismo 4,Super Mario Kart,FIFA 16
Wii Sports Resort,Duck Hunt,Grand Theft Auto III,Super Mario Land 2: 6 Golden Coins,Super Mario All-Stars,Mario Kart 64
Wii Sports Resort,Pokemon Red/Pokemon Blue,Tetris,Grand Theft Auto: San Andreas,The Elder Scrolls V: Skyrim
Pokemon Red/Pokemon Blue,Animal Crossing: New Leaf,Battlefield 3
Pokemon Red/Pokemon Blue,Super Mario Bros. 3,Brain Age 2: More Training in Minutes a Day,Halo 3,Donkey Kong Country,Super Mario Galaxy 2
Pokemon Red/Pokemon Blue,Just Dance 3,Final Fantasy X,Final Fantasy VIII
Pokemon Red/Pokemon Blue,Kinect Adventures!,Pokemon FireRed/Pokemon LeafGreen,FIFA 16,Mario Party 8
Pokemon Red/Pokemon Blue,Super Mario World,Call of Duty: Black Ops,Grand Theft Auto IV,Pokemon FireRed/Pokemon LeafGreen
Pokemon Red/Pokemon Blue,Pokémon Yellow: Special Pikachu Edition,Super Mario Galaxy,Super Mario All-Stars,Grand Theft Auto: Liberty City Stories
Pokemon Red/Pokemon Blue,Pokemon FireRed/Pokemon LeafGreen,Minecraft
Pokemon Red/Pokemon Blue,Super Mario Land 2: 6 Golden Coins,Grand Theft Auto IV,Pokemon FireRed/Pokemon LeafGreen
Pokemon Red/Pokemon Blue,Call of Duty: Black Ops 3,FIFA 16,Battlefield 3
Pokemon Red/Pokemon Blue,Animal Crossing: Wild World,Donkey Kong Country,Animal Crossing: New Leaf,GoldenEye 007,Super Mario Galaxy 2
Pokemon Red/Pokemon Blue,Super Mario Bros. 3,Super Mario 3D Land,Mario Kart 64,Super Smash Bros. for Wii U and 3DS
Pokemon Red/Pokemon Blue,Wii Play,Animal Crossing: Wild World
Pokemon Red/Pokemon Blue,Call of Duty: Modern Warfare 3,Call of Duty: Black Ops 3,The Sims 3,Crash Bandicoot 2: Cortex Strikes Back
Pokemon Red/Pokemon Blue,Final Fantasy VII,Super Mario Kart
Pokemon Red/Pokemon Blue,Super Smash Bros. Brawl,Gran Turismo 4,Pokémon Platinum Version,Pac-Man
Pokemon Red/Pokemon Blue,Grand Theft Auto III,Mario Party 8,Call of Duty: World at War
Pokemon Red/Pokemon Blue,Super Mario World,Grand Theft Auto: Vice City
Pokemon Red/Pokemon Blue,Call of Duty: Black Ops,Minecraft,Animal Crossing: New Leaf,The Elder Scrolls V: Skyrim,Super Mario Bros. 2
Pokemon Red/Pokemon Blue,Kinect Adventures!,Super Mario World,Call of Duty: Modern Warfare 3
Pokemon Red/Pokemon Blue,Grand Theft Auto V,Pokemon Omega Ruby/Pokemon Alpha Sapphire,Animal Crossing: New Leaf
Pokemon Red/Pokemon Blue,Pokemon Black/Pokemon White,Halo 3,Call of Duty: World at War
Pokemon Red/Pokemon Blue,Call of Duty: Black Ops 3,Pokemon Omega Ruby/Pokemon Alpha Sapphire,The Elder Scrolls V: Skyrim,Battlefield 3
Pokemon Red/Pokemon Blue,Pokemon Gold/Pokemon Silver,Pokemon Ruby/Pokemon Sapphire,Just Dance 2,Animal Crossing: New Leaf
Pokemon Red/Pokemon Blue,Call of Duty: Black Ops 3,Super Mario 64,Battlefield 3
Pokemon Red/Pokemon Blue,Super Mario Land,Gran Turismo 4,The Sims 3
Pokemon Red/Pokemon Blue,Pokemon Black/Pokemon White,Super Mario All-Stars,Call of Duty: Ghosts,Pac-Man
Pokemon Red/Pokemon Blue,Super Smash Bros. Brawl,Super Mario Galaxy,Donkey Kong Country
Pokemon Red/Pokemon Blue,Pokemon Black/Pokemon White,Pokemon Omega Ruby/Pokemon Alpha Sapphire,Donkey Kong Country
Pokemon Red/Pokemon Blue,Pokémon Yellow: Special Pikachu Edition,Super Mario 64,Halo 2
Pokemon Red/Pokemon Blue,Grand Theft Auto IV,FIFA Soccer 13,Pac-Man,Super Smash Bros. for Wii U and 3DS
Pokemon Red/Pokemon Blue,Pokemon X/Pokemon Y,Call of Duty: Modern Warfare 2,Gran Turismo 5,Animal Crossing: New Leaf
Pokemon Red/Pokemon Blue,Gran Turismo,Super Mario 3D Land,Gran Turismo 5,Super Mario All-Stars
Pokemon Red/Pokemon Blue,Pokemon Black/Pokemon White,Pokemon Omega Ruby/Pokemon Alpha Sapphire,FIFA 16,Mario Party 8
Pokemon Red/Pokemon Blue,Pokemon Gold/Pokemon Silver,Brain Age: Train Your Brain in Minutes a Day,Gran Turismo 3: A-Spec,Super Smash Bros. Brawl
Pokemon Red/Pokemon Blue,Pokemon Ruby/Pokemon Sapphire,Brain Age 2: More Training in Minutes a Day,Call of Duty 4: Modern Warfare,Mario Party DS
Pokemon Red/Pokemon Blue,New Super Mario Bros.,Just Dance 2,The Sims 3,Call of Duty: Advanced Warfare
Pokemon Red/Pokemon Blue,Duck Hunt,Brain Age: Train Your Brain in Minutes a Day,Call of Duty: Ghosts
Pokemon Red/Pokemon Blue,Super Mario 64,Final Fantasy X
Tetris,Kinect Adventures!,Halo: Reach,Final Fantasy VII,Mario Party 8
Tetris,Duck Hunt,Call of Duty: Modern Warfare 2,Grand Theft Auto IV,Just Dance 2
Tetris,Super Mario Land,Gran Turismo 5,Mario Kart 64,Mario Party 8,Crash Bandicoot 2: Cortex Strikes Back
Tetris,Mario Kart DS,Grand Theft Auto IV,Final Fantasy X
Tetris,Kinect Adventures!,Pokemon Black/Pokemon White,Call of Duty: Black Ops II,Super Mario 64,Pokemon Omega Ruby/Pokemon Alpha Sapphire
Tetris,Call of Duty: Black Ops,Animal Crossing: Wild World,Call of Duty: Ghosts
Tetris,Grand Theft Auto: Vice City,Animal Crossing: New Leaf,Pokémon Platinum Version,Crash Bandicoot 2: Cortex Strikes Back
Tetris,Brain Age 2: More Training in Minutes a Day,Gran Turismo 3: A-Spec,Pokémon Yellow: Special Pikachu Edition,Super Mario Galaxy,Final Fantasy VIII
Tetris,Super Mario Land,Super Mario 3D Land,Halo 4,Just Dance 2
Tetris,Halo 3,Minecraft
Tetris,Wii Play,Wii Fit Plus,Just Dance 2,Wii Party
Tetris,Pokemon Ruby/Pokemon Sapphire,Call of Duty: Black Ops 3,Pokemon Black 2/Pokemon White 2,Star Wars Battlefront (2015),Super Mario Bros. 2
Tetris,Nintendogs,Call of Duty: Black Ops 3,Call of Duty: Black Ops II,Super Mario Galaxy 2
Tetris,The Sims 3,Crash Bandicoot 2: Cortex Strikes Back
Tetris,Wii Fit Plus,Gran Turismo 3: A-Spec,Halo 3,Gran Turismo
Tetris,Super Mario World,Pokemon Ruby/Pokemon Sapphire,Brain Age 2: More Training in Minutes a Day,Pokemon Omega Ruby/Pokemon Alpha Sapphire
Tetris,Super Mario Bros. 3,Grand Theft Auto IV,Super Mario Bros. 2,Super Smash Bros. for Wii U and 3DS
Tetris,Mario Kart DS,Pokemon Black 2/Pokemon White 2,The Legend of Zelda: Ocarina of Time
Tetris,Call of Duty: Black Ops,Super Mario Galaxy,Mario Party DS,Halo 2
Tetris,Brain Age 2: More Training in Minutes a Day,The Elder Scrolls V: Skyrim,FIFA 16,Halo 2
Tetris,Super Mario Galaxy,Just Dance 3,Gran Turismo 2,Super Mario Galaxy 2
Tetris,Mario Kart DS,Pokemon Ruby/Pokemon Sapphire,Pokemon FireRed/Pokemon LeafGreen
Tetris,Grand Theft Auto: San Andreas,Call of Duty: Black Ops,FIFA 16,Mario Party 8,Grand Theft Auto: Liberty City Stories
Tetris,Brain Age: Train Your Brain in Minutes a Day,Call of Duty 4: Modern Warfare,Final Fantasy VIII
Tetris,New Super Mario Bros.,Pokemon HeartGold/Pokemon SoulSilver,Pokemon FireRed/Pokemon LeafGreen,New Super Mario Bros. 2
Tetris,Super Mario Land,Super Mario Bros. 3,Pokemon Omega Ruby/Pokemon Alpha Sapphire,Gran Turismo,Just Dance 3
Tetris,Duck Hunt,Grand Theft Auto: Vice City,Gran Turismo 2
Tetris,Wii Fit Plus,Kinect Adventures!,Gran Turismo 3: A-Spec
Tetris,Final Fantasy VII,Animal Crossing: New Leaf,Halo 2
Tetris,Grand Theft Auto: San Andreas,Halo 3
Tetris,Halo 3,Grand Theft Auto IV,Mario & Sonic at the Olympic Games,Call of Duty: Advanced Warfare
Tetris,Brain Age: Train Your Brain in Minutes a Day,Pokemon X/Pokemon Y,FIFA 16,Final Fantasy X
Tetris,Wii Play,Call of Duty: Modern Warfare 3,Super Smash Bros. Brawl,Pokemon HeartGold/Pokemon SoulSilver
Tetris,Pokemon FireRed/Pokemon LeafGreen,Mario Party DS,Mario & Sonic at the Olympic Games,Final Fantasy X
Tetris,Super Smash Bros. Brawl,Super Mario 3D Land
Tetris,New Super Mario Bros.,Animal Crossing: Wild World,FIFA 16,The Sims 3
Tetris,Pokemon Black/Pokemon White,Brain Age 2: More Training in Minutes a Day,Super Mario Kart,Final Fantasy VIII
Tetris,Grand Theft Auto IV,Pac-Man
New Super Mario Bros.,Pokemon Gold/Pokemon Silver,Grand Theft Auto V,Call of Duty: Advanced Warfare
New Super Mario Bros.,Super Mario Land,Super Mario Galaxy 2,Battlefield 3
New Super Mario Bros.,Just Dance 3,Wii Party,Super Mario Bros. 2
New Super Mario Bros.,Super Smash Bros. Brawl,Pokemon FireRed/Pokemon LeafGreen,FIFA Soccer 13
New Super Mario Bros.,Duck Hunt,Mario Kart DS
New Super Mario Bros.,Pokemon FireRed/Pokemon LeafGreen,Halo 2,Pokémon Platinum Version
New Super Mario Bros.,Mario Kart DS,Super Smash Bros. Brawl,Super Mario 64,GoldenEye 007,Call of Duty: Advanced Warfare
New Super Mario Bros.,Super Mario World,Pokemon Black 2/Pokemon White 2,Pac-Man,Battlefield 3
New Super Mario Bros.,Brain Age 2: More Training in Minutes a Day,Grand Theft Auto IV
New Super Mario Bros.,Gran Turismo,Super Mario Kart,Halo 2
New Super Mario Bros.,Grand Theft Auto: San Andreas,Pokemon Diamond/Pokemon Pearl,Call of Duty: Advanced Warfare,Battlefield 3
New Super Mario Bros.,Kinect Adventures!,Call of Duty: Black Ops,Gran Turismo 2,Animal Crossing: New Leaf
New Super Mario Bros.,Gran Turismo 3: A-Spec,Animal Crossing: New Leaf,FIFA Soccer 13
New Super Mario Bros.,Pokemon Gold/Pokemon Silver,Pokemon HeartGold/Pokemon SoulSilver,Gran Turismo,Mario & Sonic at the Olympic Games
New Super Mario Bros.,Mario Kart DS,Wii Fit Plus,Pokemon Ruby/Pokemon Sapphire
New Super Mario Bros.,Pokemon X/Pokemon Y,Halo: Reach,The Elder Scrolls V: Skyrim,FIFA Soccer 13
New Super Mario Bros.,Wii Fit Plus,Super Mario Land,Mario Kart 7,Halo 3
New Super Mario Bros.,Wii Play,FIFA 16,GoldenEye 007,The Legend of Zelda: Ocarina of Time,Battlefield 3
New Super Mario Bros.,The Sims 3,Final Fantasy VIII
New Super Mario Bros.,Kinect Adventures!
New Super Mario Bros.,Grand Theft Auto IV,Gran Turismo 2,Mario Party 8
New Super Mario Bros.,New Super Mario Bros. Wii,Pokemon HeartGold/Pokemon SoulSilver,Gran Turismo 4
New Super Mario Bros.,Pokemon Black/Pokemon White,Gran Turismo 3: A-Spec,Mario Party 8,Final Fantasy X
New Super Mario Bros.,Gran Turismo 3: A-Spec,Pokémon Yellow: Special Pikachu Edition,Gran Turismo 5
New Super Mario Bros.,Nintendogs,Animal Crossing: Wild World,Super Mario Land 2: 6 Golden Coins,Minecraft
New Super Mario Bros.,Wii Fit Plus,Pokemon X/Pokemon Y,Super Smash Bros. Brawl,Pokemon Black 2/Pokemon White 2,Pokémon Platinum Version
New Super Mario Bros.,Super Mario Land 2: 6 Golden Coins,Halo 4,Final Fantasy VII
New Super Mario Bros.,Super Mario World,Call of Duty: Black Ops II,Gran Turismo 4
New Super Mario Bros.,Grand Theft Auto: Vice City,Brain Age 2: More Training in Minutes a Day,Minecraft,The Sims 3,Super Mario Galaxy 2
New Super Mario Bros.,Super Mario World,Call of Duty: Modern Warfare 3,Halo 3
New Super Mario Bros.,Duck Hunt,Brain Age: Train Your Brain in Minutes a Day,Wii Party
New Super Mario Bros.,Grand Theft Auto: San Andreas,Brain Age: Train Your Brain in Minutes a Day,Grand Theft Auto III,Star Wars Battlefront (2015)
New Super Mario Bros.,Super Mario Land,Pokemon FireRed/Pokemon LeafGreen
New Super Mario Bros.,Final Fantasy VII,Animal Crossing: New Leaf
New Super Mario Bros.,Grand Theft Auto: San Andreas,Animal Crossing: Wild World,Gran Turismo,The Sims 3
New Super Mario Bros.,Pokemon HeartGold/Pokemon SoulSilver,Super Mario Galaxy,GoldenEye 007,Super Mario Bros. 2
New Super Mario Bros.,Wii Fit Plus,Animal Crossing: New Leaf,Final Fantasy X,Super Mario Galaxy 2
New Super Mario Bros.,Call of Duty: Modern Warfare 3,Pac-Man
New Super Mario Bros.,Super Smash Bros. Brawl,Mario Kart 7,Pokemon HeartGold/Pokemon SoulSilver,Final Fantasy VIII
New Super Mario Bros.,Grand Theft Auto V,Pokemon HeartGold/Pokemon SoulSilver,Super Mario 64,The Sims 3
Wii Play,Mario Kart DS,Grand Theft Auto V,New Super Mario Bros. 2,Gran Turismo 2,Final Fantasy X
Wii Play,Brain Age 2: More Training in Minutes a Day,Grand Theft Auto III,Super Mario Galaxy 2
Wii Play,Wii Fit Plus,Pokemon Diamond/Pokemon Pearl,Call of Duty 4: Modern Warfare,Pokémon Platinum Version
Wii Play,Duck Hunt,Pokemon Black/Pokemon White,Call of Duty: Modern Warfare 2,Animal Crossing: Wild World,Star Wars Battlefront (2015)
Wii Play,Super Mario Land,Pokemon Ruby/Pokemon Sapphire,Halo 2,Battlefield 3
Wii Play,Super Mario Bros. 3,Brain Age 2: More Training in Minutes a Day,The Sims 3
Wii Play,Gran Turismo 2,Halo 2,Pokemon Black 2/Pokemon White 2
Wii Play,Duck Hunt,New Super Mario Bros. 2,Halo 4
Wii Play,Final Fantasy VIII,Pokémon Platinum Version
Wii Play,Nintendogs,Battlefield 3
Wii Play,Animal Crossing: Wild World,Mario Party 8,FIFA Soccer 13
Wii Play,Wii Fit,Super Mario World,Pokemon Diamond/Pokemon Pearl,Pokemon Ruby/Pokemon Sapphire,Halo: Reach
Wii Play,Gran Turismo 3: A-Spec,Mario Kart 64,Gran Turismo 2,GoldenEye 007
Wii Play,Duck Hunt,Just Dance 2,Gran Turismo 2,Call of Duty: Advanced Warfare
Wii Play,Super Mario World,Call of Duty: Black Ops
Wii Play,Super Mario Land 2: 6 Golden Coins,Just Dance 2,Final Fantasy X
Wii Play,Animal Crossing: Wild World,Halo 4,Donkey Kong Country
Wii Play,Pokemon Black/Pokemon White,Final Fantasy VIII
Wii Play,Gran Turismo 2,Wii Party,Star Wars Battlefront (2015),Super Smash Bros. for Wii U and 3DS
Wii Play,Call of Duty: Black Ops,Super Mario 3D Land,Mario Party 8
Wii Play,FIFA Soccer 13
Wii Play,Grand Theft Auto: Vice City,Call of Duty: Black Ops,Animal Crossing: Wild World
Wii Play,Mario Kart DS,Super Mario Land,Call of Duty: Black Ops II,Super Mario Land 2: 6 Golden Coins
Wii Play,Gran Turismo,Final Fantasy VIII,Grand Theft Auto: Liberty City Stories,Star Wars Battlefront (2015)
Wii Play,Pokemon HeartGold/Pokemon SoulSilver,Super Mario Land 2: 6 Golden Coins,Mario Kart 64
Wii Play,Super Mario Galaxy,Mario Kart 64,Call of Duty: World at War
Wii Play,Gran Turismo 4,Call of Duty: Ghosts,The Sims 3
Wii Play,Kinect Adventures!,Mario Kart 64,Crash Bandicoot 2: Cortex Strikes Back,Battlefield 3
Wii Play,Just Dance 2,Call of Duty: Advanced Warfare
Wii Play,Nintendogs,Pokemon Diamond/Pokemon Pearl,Super Mario Bros. 3,Gran Turismo 4
Wii Play,Call of Duty: Black Ops,Grand Theft Auto: Liberty City Stories
Wii Play,Mario Kart 64,Call of Duty 4: Modern Warfare,FIFA Soccer 13
Wii Play,Kinect Adventures!,Gran Turismo 4,Pokemon Black 2/Pokemon White 2,Super Mario Bros. 2
Wii Play,Pokemon Ruby/Pokemon Sapphire,Pokemon FireRed/Pokemon LeafGreen,Just Dance 3
Wii Play,Duck Hunt,Super Mario Bros. 3,Super Mario Galaxy,Final Fantasy VIII
Wii Play,Brain Age 2: More Training in Minutes a Day,FIFA 16,Crash Bandicoot 2: Cortex Strikes Back,Super Mario Bros. 2
New Super Mario Bros. Wii,Animal Crossing: Wild World,Call of Duty: Advanced Warfare,Super Smash Bros. for Wii U and 3DS
New Super Mario Bros. Wii,Kinect Adventures!,Grand Theft Auto III,Pokémon Platinum Version,The Legend of Zelda: Ocarina of Time
New Super Mario Bros. Wii,Pokemon Diamond/Pokemon Pearl,Halo 4,Wii Party
New Super Mario Bros. Wii,Super Mario Bros. 3,Gran Turismo 3: A-Spec,Gran Turismo 4,The Sims 3
New Super Mario Bros. Wii,Pokemon HeartGold/Pokemon SoulSilver,The Elder Scrolls V: Skyrim,FIFA 16
New Super Mario Bros. Wii,Pokemon Black/Pokemon White,Pokemon Omega Ruby/Pokemon Alpha Sapphire,Super Smash Bros. for Wii U and 3DS
New Super Mario Bros. Wii,Pokemon X/Pokemon Y,Grand Theft Auto IV,Mario Kart 64,Pokémon Platinum Version
New Super Mario Bros. Wii,Pokemon Gold/Pokemon Silver,Minecraft
New Super Mario Bros. Wii,Brain Age: Train Your Brain in Minutes a Day,Final Fantasy VIII,Crash Bandicoot 2: Cortex Strikes Back
New Super Mario Bros. Wii,Nintendogs,Grand Theft Auto: San Andreas,Final Fantasy X,Star Wars Battlefront (2015)
New Super Mario Bros. Wii,Wii Fit,Super Smash Bros. Brawl,GoldenEye 007,Crash Bandicoot 2: Cortex Strikes Back
New Super Mario Bros. Wii,Mario Kart DS,Super Mario Land 2: 6 Golden Coins,Gran Turismo 5,Halo 2
New Super Mario Bros. Wii,Kinect Adventures!,Super Mario 3D Land,Pokémon Platinum Version,Call of Duty: Advanced Warfare
New Super Mario Bros. Wii,Pokemon Ruby/Pokemon Sapphire,Mario Kart 7,Call of Duty: Advanced Warfare
New Super Mario Bros. Wii,Wii Fit Plus,Gran Turismo 3: A-Spec,Just Dance 2,The Legend of Zelda: Ocarina of Time
New Super Mario Bros. Wii,Kinect Adventures!,Gran Turismo 4
New Super Mario Bros. Wii,Nintendogs,Gran Turismo,Super Mario Kart
New Super Mario Bros. Wii,Brain Age 2: More Training in Minutes a Day,Pokémon Yellow: Special Pikachu Edition
New Super Mario Bros. Wii,Nintendogs,Call of Duty: Modern Warfare 2,Pokemon FireRed/Pokemon LeafGreen
New Super Mario Bros. Wii,Super Mario All-Stars,Call of Duty: Ghosts,New Super Mario Bros. 2,Super Mario Galaxy 2
New Super Mario Bros. Wii,Duck Hunt,Kinect Adventures!,Pokemon Black/Pokemon White
New Super Mario Bros. Wii,Call of Duty: Black Ops,Call of Duty: Black Ops II,Halo 2,Star Wars Battlefront (2015)
New Super Mario Bros. Wii,Duck Hunt,Animal Crossing: New Leaf,Super Mario Kart,Call of Duty: Advanced Warfare
New Super Mario Bros. Wii,Kinect Adventures!,Pokemon Ruby/Pokemon Sapphire,Just Dance 3,Final Fantasy VIII,Grand Theft Auto: Liberty City Stories
New Super Mario Bros. Wii,Super Mario World,Wii Party,Call of Duty: World at War
New Super Mario Bros. Wii,Pokemon HeartGold/Pokemon SoulSilver,Donkey Kong Country,Super Mario Kart
New Super Mario Bros. Wii,Pokemon Gold/Pokemon Silver,Grand Theft Auto V,Halo: Reach,Gran Turismo 2
New Super Mario Bros. Wii,Brain Age: Train Your Brain in Minutes a Day,Battlefield 3
New Super Mario Bros. Wii,Super Mario World,Pokemon Diamond/Pokemon Pearl,Just Dance 3,Halo 2
New Super Mario Bros. Wii,Nintendogs,Gran Turismo 3: A-Spec,Final Fantasy VII,Super Mario Bros. 2
New Super Mario Bros. Wii,Grand Theft Auto V,Gran Turismo,Halo: Reach,Mario Party 8
New Super Mario Bros. Wii,Pokemon Diamond/Pokemon Pearl,Super Mario Land,Super Mario All-Stars,Halo 4,Pokemon Black 2/Pokemon White 2
New Super Mario Bros. Wii,Nintendogs,Super Mario Land 2: 6 Golden Coins,GoldenEye 007
New Super Mario Bros. Wii,Grand Theft Auto: Vice City,Halo 4,Wii Party
New Super Mario Bros. Wii,Grand Theft Auto III,Pokemon FireRed/Pokemon LeafGreen,Mario Party DS,Halo 2
New Super Mario Bros. Wii,Brain Age: Train Your Brain in Minutes a Day,Pokemon Black/Pokemon White,Call of Duty: Black Ops II,Wii Party
Duck Hunt,Call of Duty: Modern Warfare 2,Super Mario Galaxy,Halo 2
Duck Hunt,Mario Kart 7,New Super Mario Bros. 2,Minecraft,Super Smash Bros. for Wii U and 3DS
Duck Hunt,Kinect Adventures!,Wii Party
Duck Hunt,Pokémon Yellow: Special Pikachu Edition,Call of Duty: Black Ops 3,The Elder Scrolls V: Skyrim,Mario & Sonic at the Olympic Games
Duck Hunt,Call of Duty: Modern Warfare 3,FIFA 16,Pokémon Platinum Version
Duck Hunt,Pokemon Ruby/Pokemon Sapphire,Call of Duty: Modern Warfare 3,Pokemon Omega Ruby/Pokemon Alpha Sapphire,New Super Mario Bros. 2
Duck Hunt,Super Mario Bros. 3,Animal Crossing: New Leaf,Super Mario Galaxy 2
Duck Hunt,Grand Theft Auto III,Super Mario Bros. 2,Battlefield 3
Duck Hunt,Wii Fit,Grand Theft Auto III,Pac-Man
Duck Hunt,Nintendogs,Pokemon Gold/Pokemon Silver,Gran Turismo 5,GoldenEye 007,Pokémon Platinum Version
Duck Hunt,Pokemon Ruby/Pokemon Sapphire,Super Mario 64,Final Fantasy VII
Duck Hunt,Grand Theft Auto V,Grand Theft Auto: San Andreas,Call of Duty: Modern Warfare 2,Animal Crossing: Wild World,Super Mario 64
Duck Hunt,Brain Age: Train Your Brain in Minutes a Day,Final Fantasy VII,Super Mario Kart,Halo 2
Duck Hunt,Pokemon X/Pokemon Y
Duck Hunt,Grand Theft Auto: Vice City,Super Smash Bros. Brawl,Animal Crossing: Wild World
Duck Hunt,Wii Fit Plus,Super Mario 3D Land,Halo 4
Duck Hunt,Call of Duty: Black Ops,Pokemon X/Pokemon Y,Battlefield 3
Duck Hunt,Pokemon Ruby/Pokemon Sapphire,Gran Turismo 4,Super Smash Bros. for Wii U and 3DS
Duck Hunt,Call of Duty: Modern Warfare 2,Animal Crossing: New Leaf,Final Fantasy X
Duck Hunt,Gran Turismo 4,Super Mario Galaxy,Super Mario Land 2: 6 Golden Coins
Duck Hunt,Super Mario Bros. 3,Halo: Reach,Halo 2
Duck Hunt,Grand Theft Auto V,Super Mario 3D Land,Minecraft
Duck Hunt,Pokemon Black/Pokemon White,Super Mario Kart
Duck Hunt,Super Smash Bros. Brawl
Duck Hunt,Super Mario Land,Super Mario 64,Super Mario Galaxy,Final Fantasy VII,Gran Turismo 2
Duck Hunt,Super Smash Bros. Brawl,Grand Theft Auto IV,Gran Turismo 5,GoldenEye 007
Duck Hunt,Wii Fit,Grand Theft Auto V,Grand Theft Auto IV,Halo 4,Gran Turismo 2
Nintendogs,Mario Kart 64,Call of Duty 4: Modern Warfare
Nintendogs,Wii Fit Plus,Grand Theft Auto: San Andreas,Pokemon Diamond/Pokemon Pearl,Donkey Kong Country
Nintendogs,Grand Theft Auto V
Nintendogs,Mario Kart 64,Final Fantasy VII,Just Dance 2
Nintendogs,Gran Turismo 5,Halo 2
Nintendogs,Call of Duty: Black Ops,Halo 3,Super Smash Bros. for Wii U and 3DS
Nintendogs,Super Smash Bros. Brawl,Pokemon Omega Ruby/Pokemon Alpha Sapphire,GoldenEye 007
Nintendogs,Super Mario Land,Call of Duty: Modern Warfare 2,Final Fantasy VII
Nintendogs,Grand Theft Auto: Vice City,Mario Party DS,GoldenEye 007,Star Wars Battlefront (2015)
Nintendogs,Pokemon Diamond/Pokemon Pearl,Pokemon HeartGold/Pokemon SoulSilver,Call of Duty: Ghosts,Super Mario Kart
Nintendogs,Gran Turismo 4,Halo: Reach,Call of Duty 4: Modern Warfare,Call of Duty: World at War
Nintendogs,Gran Turismo 3: A-Spec,Star Wars Battlefront (2015),Super Smash Bros. for Wii U and 3DS
Nintendogs,Call of Duty: Modern Warfare 2,Mario & Sonic at the Olympic Games
Nintendogs,Wii Fit,Mario Kart 7,FIFA 16,GoldenEye 007
Nintendogs,Super Mario 3D Land,Mario Kart 64
Nintendogs,Pokemon Black/Pokemon White,Final Fantasy VIII,Pokémon Platinum Version
Nintendogs,Pokemon FireRed/Pokemon LeafGreen
Nintendogs,Call of Duty: Modern Warfare 3,Pokemon X/Pokemon Y,Star Wars Battlefront (2015)
Nintendogs,New Super Mario Bros. 2,Donkey Kong Country
Nintendogs,The Elder Scrolls V: Skyrim,Pokémon Platinum Version
Nintendogs,Animal Crossing: Wild World,Pokemon FireRed/Pokemon LeafGreen,Halo 4,The Legend of Zelda: Ocarina of Time
Nintendogs,Wii Fit Plus,Kinect Adventures!,Brain Age: Train Your Brain in Minutes a Day,Gran Turismo 5
Nintendogs,Call of Duty: Black Ops II,Mario Kart 64,Pokémon Platinum Version,Super Mario Bros. 2
Nintendogs,Grand Theft Auto III,Wii Party,Mario & Sonic at the Olympic Games
Nintendogs,The Legend of Zelda: Ocarina of Time,Call of Duty: World at War
Nintendogs,Super Mario Bros. 3,GoldenEye 007,Call of Duty: Advanced Warfare
Nintendogs,Super Mario Galaxy,Call of Duty: Ghosts,FIFA Soccer 13,Grand Theft Auto: Liberty City Stories
Nintendogs,Call of Duty: Modern Warfare 3,Animal Crossing: Wild World,Call of Duty 4: Modern Warfare,Call of Duty: World at War
Nintendogs,Pokemon Gold/Pokemon Silver,Gran Turismo 4,Grand Theft Auto IV
Nintendogs,Brain Age 2: More Training in Minutes a Day,Pokémon Yellow: Special Pikachu Edition,Halo 3,Call of Duty: Ghosts,GoldenEye 007
Nintendogs,Call of Duty: Black Ops II,Grand Theft Auto IV
Nintendogs,Pokemon Gold/Pokemon Silver,Pokemon Diamond/Pokemon Pearl,Mario Kart 7
Nintendogs,Wii Fit Plus,Final Fantasy VIII,Battlefield 3
Nintendogs,Super Mario Land 2: 6 Golden Coins,Mario & Sonic at the Olympic Games,Final Fantasy VIII
Mario Kart DS,Super Mario Land,Animal Crossing: New Leaf
Mario Kart DS,Super Mario Land,Super Mario Bros. 3,Pokemon Omega Ruby/Pokemon Alpha Sapphire,Crash Bandicoot 2: Cortex Strikes Back
Mario Kart DS,Pokémon Platinum Version
Mario Kart DS,Grand Theft Auto: Vice City,Pokémon Yellow: Special Pikachu Edition,Call of Duty: Black Ops II,Battlefield 3
Mario Kart DS,Grand Theft Auto: San Andreas,Pokemon X/Pokemon Y,Grand Theft Auto IV
Mario Kart DS,Wii Fit,Gran Turismo 5,The Elder Scrolls V: Skyrim,Super Mario Kart
Mario Kart DS,Grand Theft Auto: San Andreas,Super Mario World,Just Dance 3,Call of Duty: Ghosts,Wii Party
Mario Kart DS,Wii Fit Plus,Kinect Adventures!,Gran Turismo,Final Fantasy VII
Mario Kart DS,Wii Fit,Pokemon Ruby/Pokemon Sapphire,Super Smash Bros. Brawl,Final Fantasy VII
Mario Kart DS,Kinect Adventures!,Grand Theft Auto III,Just Dance 3
Mario Kart DS,Kinect Adventures!,Halo: Reach,Donkey Kong Country
Mario Kart DS,Gran Turismo 4,Super Mario Land 2: 6 Golden Coins,New Super Mario Bros. 2
Mario Kart DS,Animal Crossing: Wild World,Gran Turismo 2,Grand Theft Auto: Liberty City Stories
Mario Kart DS,Super Mario World,Super Mario All-Stars,Pokemon Black 2/Pokemon White 2
Mario Kart DS,Super Mario Bros. 3,Brain Age 2: More Training in Minutes a Day,Super Mario 64,Halo: Reach
Mario Kart DS,Call of Duty: Modern Warfare 2,Halo 3,Pokemon HeartGold/Pokemon SoulSilver,Wii Party,Final Fantasy X
Mario Kart DS,Grand Theft Auto: Vice City,Pokemon FireRed/Pokemon LeafGreen,Super Mario Galaxy 2,Call of Duty: Advanced Warfare
Mario Kart DS,Kinect Adventures!,Super Mario Bros. 3
Mario Kart DS,Super Mario Land,Pac-Man,The Legend of Zelda: Ocarina of Time
Mario Kart DS,Call of Duty: Black Ops,Mario Party 8,Mario & Sonic at the Olympic Games,Call of Duty: World at War
Mario Kart DS,Gran Turismo,Mario Party DS,The Elder Scrolls V: Skyrim
Mario Kart DS,Call of Duty: Black Ops,Final Fantasy VII,Pokémon Platinum Version,Super Mario Bros. 2
Mario Kart DS,Brain Age: Train Your Brain in Minutes a Day,Mario & Sonic at the Olympic Games,Final Fantasy VIII
Mario Kart DS,Wii Fit Plus,Grand Theft Auto V,Call of Duty: Black Ops II,FIFA 16,Crash Bandicoot 2: Cortex Strikes Back
Mario Kart DS,Gran Turismo 3: A-Spec,Just Dance 3,Mario Party DS,Grand Theft Auto: Liberty City Stories
Mario Kart DS,Super Mario Land,Super Mario Land 2: 6 Golden Coins,Grand Theft Auto IV,Final Fantasy VIII,Pokémon Platinum Version
Mario Kart DS,Call of Duty: Modern Warfare 3,Mario Kart 7
Mario Kart DS,Kinect Adventures!,Grand Theft Auto: San Andreas,Call of Duty: Black Ops
Mario Kart DS,Call of Duty: Black Ops II,Grand Theft Auto III,Animal Crossing: Wild World,Animal Crossing: New Leaf
Mario Kart DS,Brain Age: Train Your Brain in Minutes a Day,Brain Age 2: More Training in Minutes a Day,Call of Duty: Modern Warfare 3,Just Dance 2
Mario Kart DS,Pokemon FireRed/Pokemon LeafGreen,Just Dance 3,Star Wars Battlefront (2015)
Mario Kart DS,Super Mario All-Stars,Call of Duty: Ghosts,Just Dance 2,Mario Party 8,Pokemon Black 2/Pokemon White 2
Mario Kart DS,Super Smash Bros. Brawl,Pokemon HeartGold/Pokemon SoulSilver,The Elder Scrolls V: Skyrim
Mario Kart DS,Super Mario Land,Pokemon HeartGold/Pokemon SoulSilver,Pokemon Omega Ruby/Pokemon Alpha Sapphire,Pokemon Black 2/Pokemon White 2
Mario Kart DS,Pokémon Yellow: Special Pikachu Edition,Call of Duty: Black Ops II,Super Mario 3D Land,Just Dance 3,The Legend of Zelda: Ocarina of Time
Pokemon Gold/Pokemon Silver,GoldenEye 007,Final Fantasy X,Super Smash Bros. for Wii U and 3DS
Pokemon Gold/Pokemon Silver,Animal Crossing: New Leaf,Wii Party,Super Smash Bros. for Wii U and 3DS
Pokemon Gold/Pokemon Silver,Call of Duty: Modern Warfare 3,Super Smash Bros. Brawl,Super Mario Galaxy
Pokemon Gold/Pokemon Silver,Grand Theft Auto: Vice City,Pokemon Black/Pokemon White,Final Fantasy VII,Mario Party DS
Pokemon Gold/Pokemon Silver,Brain Age 2: More Training in Minutes a Day,Call of Duty: Modern Warfare 3
Pokemon Gold/Pokemon Silver,Call of Duty: Modern Warfare 2,Super Smash Bros. Brawl,Gran Turismo 5
Pokemon Gold/Pokemon Silver,Gran Turismo 3: A-Spec,New Super Mario Bros. 2,Donkey Kong Country,FIFA Soccer 13,Crash Bandicoot 2: Cortex Strikes Back
Pokemon Gold/Pokemon Silver,Pokemon Black/Pokemon White,The Sims 3,Pokémon Platinum Version,Call of Duty: Advanced Warfare
Pokemon Gold/Pokemon Silver,Pokemon Diamond/Pokemon Pearl,Super Mario Kart,FIFA Soccer 13,Super Smash Bros. for Wii U and 3DS
Pokemon Gold/Pokemon Silver,Wii Fit Plus,Brain Age: Train Your Brain in Minutes a Day
Pokemon Gold/Pokemon Silver,Halo: Reach,Halo 4,The Legend of Zelda: Ocarina of Time
Pokemon Gold/Pokemon Silver,Pokemon Black/Pokemon White,Super Smash Bros. for Wii U and 3DS
Pokemon Gold/Pokemon Silver,Grand Theft Auto: Vice City,Gran Turismo,Halo: Reach,Super Smash Bros. for Wii U and 3DS
Pokemon Gold/Pokemon Silver,Grand Theft Auto: San Andreas,Super Mario Bros. 3,Pokemon Ruby/Pokemon Sapphire,Brain Age 2: More Training in Minutes a Day
Pokemon Gold/Pokemon Silver,Call of Duty: Black Ops 3,Animal Crossing: New Leaf
Pokemon Gold/Pokemon Silver,Brain Age: Train Your Brain in Minutes a Day,Pokemon Diamond/Pokemon Pearl,Gran Turismo 4,Grand Theft Auto IV
Pokemon Gold/Pokemon Silver,Wii Fit,Wii Fit Plus,Gran Turismo 5,Star Wars Battlefront (2015)
Pokemon Gold/Pokemon Silver,Gran Turismo 3: A-Spec,Pokémon Yellow: Special Pikachu Edition,Pokemon HeartGold/Pokemon SoulSilver,Super Mario All-Stars
Pokemon Gold/Pokemon Silver,Grand Theft Auto: San Andreas,Super Mario Bros. 3,Donkey Kong Country,Pokémon Platinum Version
Pokemon Gold/Pokemon Silver,Grand Theft Auto: San Andreas,Halo 4,Super Mario Galaxy 2
Pokemon Gold/Pokemon Silver,Brain Age 2: More Training in Minutes a Day,Gran Turismo 4,Grand Theft Auto IV
Pokemon Gold/Pokemon Silver,Pokemon X/Pokemon Y,Call of Duty: World at War
Pokemon Gold/Pokemon Silver,Call of Duty: Modern Warfare 2,Super Mario All-Stars,GoldenEye 007,Grand Theft Auto: Liberty City Stories
Pokemon Gold/Pokemon Silver,Pokemon FireRed/Pokemon LeafGreen,Just Dance 3,FIFA 16,Super Smash Bros. for Wii U and 3DS
Pokemon Gold/Pokemon Silver,Mario Kart 7,The Elder Scrolls V: Skyrim,Star Wars Battlefront (2015)
Pokemon Gold/Pokemon Silver,Kinect Adventures!,Gran Turismo 3: A-Spec,Super Mario All-Stars
Pokemon Gold/Pokemon Silver,Call of Duty: Black Ops II,Mario Party DS,Halo 2
Wii Fit,Pokémon Yellow: Special Pikachu Edition,Pokemon HeartGold/Pokemon SoulSilver,Halo 4,FIFA 16,Call of Duty: Advanced Warfare
Wii Fit,Mario Kart 64,Super Mario Kart,Grand Theft Auto: Liberty City Stories
Wii Fit,Grand Theft Auto III,Super Mario 3D Land,Super Mario Bros. 2
Wii Fit,Super Mario 64,Mario Kart 64,Pokémon Platinum Version
Wii Fit,Gran Turismo 5,Mario Kart 64,Pokémon Platinum Version
Wii Fit,Mario Kart 7,FIFA 16
Wii Fit,Gran Turismo 4,Halo 4,Super Mario Kart
Wii Fit,Brain Age: Train Your Brain in Minutes a Day,Super Mario Land,Just Dance 2
Wii Fit,Grand Theft Auto III,Super Mario 64,Gran Turismo 4
Wii Fit,Call of Duty: Black Ops II,Super Mario 3D Land,Final Fantasy VII,Star Wars Battlefront (2015)
Wii Fit,Call of Duty: Black Ops II,Pokemon Omega Ruby/Pokemon Alpha Sapphire,Super Mario Galaxy 2
Wii Fit,Pokemon Diamond/Pokemon Pearl,Halo 3,Star Wars Battlefront (2015)
Wii Fit,Super Mario Bros. 3,Animal Crossing: Wild World,Super Mario Kart,Grand Theft Auto: Liberty City Stories,Crash Bandicoot 2: Cortex Strikes Back
Wii Fit,Call of Duty: Black Ops II,Grand Theft Auto III,Pokemon FireRed/Pokemon LeafGreen
Wii Fit,Call of Duty: Black Ops,Minecraft
Wii Fit,Call of Duty: Ghosts,Minecraft
Wii Fit,Call of Duty: Black Ops 3,Super Smash Bros. Brawl,Grand Theft Auto IV,Super Mario 3D Land,Animal Crossing: New Leaf
Wii Fit
Wii Fit,Super Mario World,Super Mario Bros. 3,Call of Duty: Black Ops II,Pokemon Black 2/Pokemon White 2,Call of Duty: World at War
Wii Fit,Grand Theft Auto: San Andreas,Gran Turismo 5,Crash Bandicoot 2: Cortex Strikes Back
Wii Fit,Grand Theft Auto: Vice City
Wii Fit,Call of Duty: Black Ops 3,Super Mario 64,Pokemon Omega Ruby/Pokemon Alpha Sapphire,GoldenEye 007,Pac-Man
Wii Fit,Gran Turismo 3: A-Spec,Pokemon FireRed/Pokemon LeafGreen
Wii Fit,Kinect Adventures!,Grand Theft Auto V,Call of Duty: Black Ops
Wii Fit,Super Smash Bros. Brawl,Halo: Reach,Wii Party,Super Mario Bros. 2
Wii Fit,Grand Theft Auto III,Gran Turismo 5,Super Mario All-Stars
Wii Fit,Grand Theft Auto: Vice City,Call of Duty: Black Ops II,Mario Kart 64,Donkey Kong Country
Wii Fit,The Legend of Zelda: Ocarina of Time,Crash Bandicoot 2: Cortex Strikes Back
Wii Fit,Call of Duty: Modern Warfare 2,Halo 3,Final Fantasy X,Pokémon Platinum Version
Wii Fit,Halo 3,Gran Turismo 4,Final Fantasy VII
Wii Fit,Grand Theft Auto V,Mario Kart 7,Pokemon Omega Ruby/Pokemon Alpha Sapphire,Super Mario Galaxy 2
Wii Fit Plus,Donkey Kong Country,Mario Party DS,The Sims 3,Grand Theft Auto: Liberty City Stories
Wii Fit Plus,Gran Turismo 3: A-Spec,Call of Duty: Modern Warfare 3,Super Mario Kart,Call of Duty: Advanced Warfare
Wii Fit Plus,Pokemon Diamond/Pokemon Pearl
Wii Fit Plus,Grand Theft Auto III,Mario Party DS,The Elder Scrolls V: Skyrim
Wii Fit Plus,Grand Theft Auto V,Grand Theft Auto: San Andreas,Super Mario Bros. 3,Pac-Man
Wii Fit Plus,Call of Duty: Modern Warfare 2,Super Mario 3D Land,The Elder Scrolls V: Skyrim,Pokemon Black 2/Pokemon White 2
Wii Fit Plus,Grand Theft Auto: Vice City,Gran Turismo,Super Mario All-Stars,Halo: Reach,Final Fantasy X
Wii Fit Plus,Pokemon Diamond/Pokemon Pearl,Halo 3,GoldenEye 007
Wii Fit Plus,Halo: Reach,Wii Party,The Sims 3
Wii Fit Plus,FIFA Soccer 13,Final Fantasy VIII,Super Smash Bros. for Wii U and 3DS
Wii Fit Plus,Brain Age: Train Your Brain in Minutes a Day,Pokemon Black 2/Pokemon White 2,GoldenEye 007,The Legend of Zelda: Ocarina of Time
Wii Fit Plus,Super Mario Bros. 3,Pokemon HeartGold/Pokemon SoulSilver,Pokémon Platinum Version
Wii Fit Plus,Pokemon Black/Pokemon White,Super Mario All-Stars,Final Fantasy VIII
Wii Fit Plus,Brain Age: Train Your Brain in Minutes a Day,Final Fantasy VII,FIFA 16
Wii Fit Plus,Pokemon Diamond/Pokemon Pearl,Call of Duty: Modern Warfare 2,Super Smash Bros. Brawl,FIFA Soccer 13
Wii Fit Plus,Pokemon Black/Pokemon White,Gran Turismo,Final Fantasy VIII
Wii Fit Plus,Brain Age: Train Your Brain in Minutes a Day,Gran Turismo 2
Wii Fit Plus,Kinect Adventures!,Call of Duty: Black Ops,Gran Turismo,Call of Duty: World at War
Wii Fit Plus,Just Dance 3,Pokemon Black 2/Pokemon White 2,Crash Bandicoot 2: Cortex Strikes Back
Wii Fit Plus,Gran Turismo 3: A-Spec,Call of Duty: Modern Warfare 3,Gran Turismo 2
Wii Fit Plus,Pokemon Ruby/Pokemon Sapphire,Battlefield 3
Wii Fit Plus,Call of Duty: Ghosts,Mario Party DS,Mario & Sonic at the Olympic Games,Final Fantasy X
Wii Fit Plus,Halo: Reach,Gran Turismo 2,Call of Duty: Advanced Warfare
Wii Fit Plus,Call of Duty: Black Ops 3,Animal Crossing: Wild World,Mario Kart 64,Mario Party 8
Wii Fit Plus,Super Mario World,New Super Mario Bros. 2,Star Wars Battlefront (2015)
Kinect Adventures!,Grand Theft Auto: San Andreas,Call of Duty: Black Ops 3,Halo 2,Mario & Sonic at the Olympic Games
Kinect Adventures!,Super Smash Bros. Brawl,Halo 3,Super Mario All-Stars,Grand Theft Auto: Liberty City Stories
Kinect Adventures!,FIFA 16,Pac-Man
Kinect Adventures!,Grand Theft Auto V,Call of Duty: Ghosts,Halo 2,Pokemon Black 2/Pokemon White 2
Kinect Adventures!,Mario Kart 7,Super Mario Bros. 2
Kinect Adventures!,Call of Duty: Black Ops 3,Pokemon HeartGold/Pokemon SoulSilver,Super Mario All-Stars
Kinect Adventures!,Call of Duty 4: Modern Warfare,GoldenEye 007,Call of Duty: World at War
Kinect Adventures!,Call of Duty: Black Ops II,Pokemon HeartGold/Pokemon SoulSilver,Grand Theft Auto IV,FIFA 16
Kinect Adventures!,Pokemon Ruby/Pokemon Sapphire,Super Mario 3D Land
Kinect Adventures!,Pokemon FireRed/Pokemon LeafGreen,Just Dance 2
Kinect Adventures!,Pokemon Black/Pokemon White,Gran Turismo 2,Donkey Kong Country
Kinect Adventures!,Grand Theft Auto: San Andreas,Grand Theft Auto III,The Elder Scrolls V: Skyrim,Mario & Sonic at the Olympic Games
Kinect Adventures!,Pokemon Black/Pokemon White,Super Mario Land 2: 6 Golden Coins,Mario Party 8,Mario & Sonic at the Olympic Games
Kinect Adventures!,Pokemon X/Pokemon Y,Grand Theft Auto III,Pac-Man
Kinect Adventures!,Super Mario Galaxy,Final Fantasy X,Battlefield 3
Kinect Adventures!,Pokémon Yellow: Special Pikachu Edition,Grand Theft Auto: Liberty City Stories
Kinect Adventures!,Mario Kart 64,The Elder Scrolls V: Skyrim,Mario & Sonic at the Olympic Games
Kinect Adventures!,Super Mario 3D Land,Call of Duty: World at War
Kinect Adventures!,Super Mario 64,Super Mario All-Stars,Call of Duty: Ghosts
Kinect Adventures!,Just Dance 3,Wii Party,GoldenEye 007,Super Mario Galaxy 2
Kinect Adventures!,Super Mario Land,Pokémon Yellow: Special Pikachu Edition,Just Dance 2,Mario Party 8
Kinect Adventures!,Call of Duty: Modern Warfare 2,Pokemon HeartGold/Pokemon SoulSilver,Pokémon Platinum Version,Call of Duty: World at War
Kinect Adventures!,Gran Turismo 5,The Elder Scrolls V: Skyrim,Pokemon Black 2/Pokemon White 2,Call of Duty: World at War
Grand Theft Auto V,Super Mario Galaxy,Just Dance 2,Mario Party DS,Wii Party
Grand Theft Auto V,Mario Kart 7,Gran Turismo 2
Grand Theft Auto V,Final Fantasy VIII,The Legend of Zelda: Ocarina of Time,Super Mario Bros. 2
Grand Theft Auto V,Call of Duty: Modern Warfare 3,Call of Duty: Black Ops II,Gran Turismo,Minecraft
Grand Theft Auto V,Pokemon X/Pokemon Y,Halo 2,Pokémon Platinum Version,Call of Duty: Advanced Warfare,The Legend of Zelda: Ocarina of Time
Grand Theft Auto V,Call of Duty: Modern Warfare 3,Pokémon Yellow: Special Pikachu Edition,New Super Mario Bros. 2,Animal Crossing: New Leaf,The Legend of Zelda: Ocarina of Time
Grand Theft Auto V,Grand Theft Auto: San Andreas,Pokemon Ruby/Pokemon Sapphire,Super Mario Galaxy,Just Dance 2,Super Mario Galaxy 2
Grand Theft Auto V,Pokemon X/Pokemon Y,Super Mario 64,Donkey Kong Country,Call of Duty: Advanced Warfare
Grand Theft Auto V,Call of Duty: Modern Warfare 2,Super Mario All-Stars,Final Fantasy VIII
Grand Theft Auto V,Final Fantasy VII,Mario Party DS,Grand Theft Auto: Liberty City Stories,Super Mario Galaxy 2
Grand Theft Auto V,Halo 3,Pac-Man
Grand Theft Auto V,Grand Theft Auto: San Andreas,Pokemon FireRed/Pokemon LeafGreen,Just Dance 3,Donkey Kong Country
Grand Theft Auto V,Pokemon Ruby/Pokemon Sapphire,Mario Kart 7,Minecraft,The Legend of Zelda: Ocarina of Time
Grand Theft Auto V,Super Mario Galaxy,Just Dance 2,Donkey Kong Country,Grand Theft Auto: Liberty City Stories
Grand Theft Auto V,Brain Age: Train Your Brain in Minutes a Day,Pokemon X/Pokemon Y,Minecraft,Star Wars Battlefront (2015)
Grand Theft Auto V,Super Mario All-Stars
Grand Theft Auto V,Super Mario World,Gran Turismo 4,Super Mario Land 2: 6 Golden Coins,Pokemon FireRed/Pokemon LeafGreen
Grand Theft Auto V,Mario Kart 7,Grand Theft Auto IV
Grand Theft Auto V,Super Smash Bros. Brawl,Super Mario 64
Grand Theft Auto V,Call of Duty: Black Ops 3,Mario Party 8,Pac-Man
Grand Theft Auto V,Pokemon Black/Pokemon White,Super Mario Galaxy,Super Mario 3D Land,Final Fantasy X
Grand Theft Auto V,Pokemon Diamond/Pokemon Pearl,Mario Kart 7
Grand Theft Auto V,Gran Turismo 3: A-Spec,Pokémon Platinum Version
Grand Theft Auto V,Pokémon Yellow: Special Pikachu Edition,Halo 2,Grand Theft Auto: Liberty City Stories
Grand Theft Auto V,Call of Duty: Black Ops II,Gran Turismo 4,Super Mario Kart
Grand Theft Auto V,Pokemon Diamond/Pokemon Pearl,Gran Turismo 5,Mario & Sonic at the Olympic Games
Grand Theft Auto: San Andreas,Super Mario World,Pokemon X/Pokemon Y,Halo 3,Animal Crossing: New Leaf
Grand Theft Auto: San Andreas,Pokémon Yellow: Special Pikachu Edition,Halo 3,Final Fantasy X
Grand Theft Auto: San Andreas,Call of Duty: Black Ops 3
Grand Theft Auto: San Andreas,Call of Duty: Black Ops II,Final Fantasy VII,FIFA 16
Grand Theft Auto: San Andreas,Pokémon Yellow: Special Pikachu Edition,Grand Theft Auto III,Gran Turismo 5,Animal Crossing: New Leaf
Grand Theft Auto: San Andreas,Animal Crossing: Wild World,Grand Theft Auto IV,Animal Crossing: New Leaf,Mario Party DS
Grand Theft Auto: San Andreas,Brain Age 2: More Training in Minutes a Day,Just Dance 3
Grand Theft Auto: San Andreas,Call of Duty: Modern Warfare 2,Pokemon Omega Ruby/Pokemon Alpha Sapphire,Final Fantasy VII,Donkey Kong Country
Grand Theft Auto: San Andreas,Pokemon Diamond/Pokemon Pearl,Grand Theft Auto: Vice City,Gran Turismo 3: A-Spec,Pokemon FireRed/Pokemon LeafGreen
Grand Theft Auto: San Andreas,Minecraft,Animal Crossing: New Leaf,FIFA 16
Grand Theft Auto: San Andreas,Call of Duty 4: Modern Warfare,Grand Theft Auto: Liberty City Stories,Star Wars Battlefront (2015)
Grand Theft Auto: San Andreas,Pokemon Black/Pokemon White,Gran Turismo 4,Super Mario 3D Land,Just Dance 2,Super Mario Galaxy 2
Grand Theft Auto: San Andreas,Super Mario World,Pokemon Ruby/Pokemon Sapphire,Super Mario 3D Land
Grand Theft Auto: San Andreas,Pokemon Diamond/Pokemon Pearl,Call of Duty 4: Modern Warfare,Animal Crossing: New Leaf,Final Fantasy X
Grand Theft Auto: San Andreas,Pokemon Omega Ruby/Pokemon Alpha Sapphire,Final Fantasy VIII,The Legend of Zelda: Ocarina of Time
Grand Theft Auto: San Andreas,Pokemon Omega Ruby/Pokemon Alpha Sapphire,Gran Turismo 5,Halo: Reach,Minecraft,Animal Crossing: New Leaf
Grand Theft Auto: San Andreas,Super Mario Land,Pokemon HeartGold/Pokemon SoulSilver,Donkey Kong Country
Grand Theft Auto: San Andreas,Pokemon Ruby/Pokemon Sapphire,Grand Theft Auto: Liberty City Stories
Grand Theft Auto: San Andreas,Super Mario World,FIFA Soccer 13,Pac-Man
Grand Theft Auto: San Andreas,Super Mario 64,Mario Party 8,GoldenEye 007,Battlefield 3
Grand Theft Auto: San Andreas,Pokémon Yellow: Special Pikachu Edition,Pokemon Omega Ruby/Pokemon Alpha Sapphire,Mario Party DS,Final Fantasy VIII,Grand Theft Auto: Liberty City Stories
Grand Theft Auto: San Andreas,New Super Mario Bros. 2,Minecraft,Final Fantasy VIII
Grand Theft Auto: San Andreas,Mario Kart 7,New Super Mario Bros. 2
Super Mario World,Grand Theft Auto IV,Super Mario All-Stars,New Super Mario Bros. 2,Mario Party 8,Mario & Sonic at the Olympic Games
Super Mario World,Super Mario Bros. 3,Pokemon X/Pokemon Y,Pokemon HeartGold/Pokemon SoulSilver,Super Mario Galaxy
Super Mario World,Super Mario Bros. 3,Pokemon Black/Pokemon White,Final Fantasy X,Crash Bandicoot 2: Cortex Strikes Back
Super Mario World,Super Mario 3D Land,Super Mario Kart,Wii Party
Super Mario World,Grand Theft Auto IV,FIFA 16,Halo 2,Final Fantasy VIII
Super Mario World,Pokemon Diamond/Pokemon Pearl,Super Mario All-Stars,Donkey Kong Country
Super Mario World,New Super Mario Bros. 2,Animal Crossing: New Leaf,Super Smash Bros. for Wii U and 3DS
Super Mario World,Grand Theft Auto III
Super Mario World,Call of Duty: Black Ops 3,Gran Turismo 2,Wii Party
Super Mario World,Gran Turismo 3: A-Spec,Call of Duty: Modern Warfare 3,Final Fantasy VIII,The Legend of Zelda: Ocarina of Time
Super Mario World,Animal Crossing: Wild World,Gran Turismo,Minecraft,Super Mario Kart,FIFA Soccer 13
Super Mario World,Halo 3,Gran Turismo 4,New Super Mario Bros. 2
Super Mario World,Gran Turismo 3: A-Spec,Super Mario Kart,Final Fantasy VIII
Super Mario World,Call of Duty: Black Ops 3,Call of Duty: Modern Warfare 2,Super Mario Kart,Mario & Sonic at the Olympic Games
Super Mario World,Super Mario Kart,FIFA Soccer 13,Pac-Man
Super Mario World,Pokemon Omega Ruby/Pokemon Alpha Sapphire,Mario & Sonic at the Olympic Games,Super Mario Galaxy 2,Call of Duty: Advanced Warfare
Super Mario World,Brain Age 2: More Training in Minutes a Day,Call of Duty: Modern Warfare 3,Gran Turismo 4,Halo: Reach
Super Mario World,Super Mario Land 2: 6 Golden Coins,Gran Turismo,Super Mario Kart
Super Mario World,Grand Theft Auto: Vice City,The Elder Scrolls V: Skyrim,Super Mario Kart,Super Mario Bros. 2
Super Mario World,Mario Kart 64,Pac-Man,Super Smash Bros. for Wii U and 3DS
Brain Age: Train Your Brain in Minutes a Day,Brain Age 2: More Training in Minutes a Day,Call of Duty: Modern Warfare 3,Donkey Kong Country,GoldenEye 007
Brain Age: Train Your Brain in Minutes a Day,Animal Crossing: Wild World,Gran Turismo 5,Final Fantasy X,Battlefield 3
Brain Age: Train Your Brain in Minutes a Day,Wii Party,Halo 2
Brain Age: Train Your Brain in Minutes a Day,Pokemon Ruby/Pokemon Sapphire,Call of Duty: Black Ops II,Mario Kart 64
Brain Age: Train Your Brain in Minutes a Day,Grand Theft Auto IV,Super Mario All-Stars
Brain Age: Train Your Brain in Minutes a Day,Gran Turismo 3: A-Spec,Minecraft,Mario Party DS
Brain Age: Train Your Brain in Minutes a Day,Super Mario Bros. 3,Halo 3,Super Mario 3D Land,Call of Duty: World at War
Brain Age: Train Your Brain in Minutes a Day,Call of Duty: Black Ops,Pokemon HeartGold/Pokemon SoulSilver,Super Mario Kart,Call of Duty: World at War
Brain Age: Train Your Brain in Minutes a Day,Super Mario Bros. 3,Animal Crossing: Wild World,Mario Kart 64,Mario & Sonic at the Olympic Games
Brain Age: Train Your Brain in Minutes a Day,Call of Duty: Modern Warfare 3,Halo 3
Brain Age: Train Your Brain in Minutes a Day,Pokemon Diamond/Pokemon Pearl,Mario Party DS,Halo 2,Grand Theft Auto: Liberty City Stories
Brain Age: Train Your Brain in Minutes a Day,Grand Theft Auto: Vice City,Animal Crossing: Wild World
Brain Age: Train Your Brain in Minutes a Day,Halo 3,Super Mario 64,Pokemon Omega Ruby/Pokemon Alpha Sapphire,Call of Duty 4: Modern Warfare
Brain Age: Train Your Brain in Minutes a Day,Super Mario Land,Gran Turismo 3: A-Spec,Pokémon Yellow: Special Pikachu Edition,Call of Duty: Black Ops,Call of Duty: World at War
Brain Age: Train Your Brain in Minutes a Day,Pokemon Black/Pokemon White,Wii Party,Halo 2,Call of Duty: Advanced Warfare
Brain Age: Train Your Brain in Minutes a Day,Brain Age 2: More Training in Minutes a Day,Pokemon HeartGold/Pokemon SoulSilver,Gran Turismo
Brain Age: Train Your Brain in Minutes a Day,Call of Duty: Modern Warfare 2,Mario Kart 7,Mario & Sonic at the Olympic Games,Super Mario Galaxy 2
Brain Age: Train Your Brain in Minutes a Day,Super Mario 64,Gran Turismo 5,Donkey Kong Country
Brain Age: Train Your Brain in Minutes a Day,Pokemon Ruby/Pokemon Sapphire,Call of Duty: Modern Warfare 3,Call of Duty: Black Ops II,New Super Mario Bros. 2,Mario Party DS
Brain Age: Train Your Brain in Minutes a Day,The Elder Scrolls V: Skyrim,Pokémon Platinum Version,Battlefield 3
Brain Age: Train Your Brain in Minutes a Day,Gran Turismo 5,Call of Duty 4: Modern Warfare,Call of Duty: World at War
Brain Age: Train Your Brain in Minutes a Day,Pokemon X/Pokemon Y,Gran Turismo 2
Brain Age: Train Your Brain in Minutes a Day,The Elder Scrolls V: Skyrim,Wii Party,The Sims 3,Super Mario Galaxy 2,Star Wars Battlefront (2015)
Pokemon Diamond/Pokemon Pearl,Grand Theft Auto III,Grand Theft Auto IV,Final Fantasy VII,Pac-Man
Pokemon Diamond/Pokemon Pearl,Super Mario Bros. 2
Pokemon Diamond/Pokemon Pearl,New Super Mario Bros. 2
Pokemon Diamond/Pokemon Pearl,Gran Turismo,Crash Bandicoot 2: Cortex Strikes Back
Pokemon Diamond/Pokemon Pearl,Call of Duty: Black Ops,Call of Duty: Black Ops II,Super Mario Land 2: 6 Golden Coins
Pokemon Diamond/Pokemon Pearl,Pokemon X/Pokemon Y,Halo 3,Gran Turismo,The Elder Scrolls V: Skyrim,Final Fantasy VIII
Pokemon Diamond/Pokemon Pearl,Halo: Reach,Mario & Sonic at the Olympic Games,Grand Theft Auto: Liberty City Stories
Pokemon Diamond/Pokemon Pearl,Grand Theft Auto III,Grand Theft Auto IV,Call of Duty 4: Modern Warfare
Pokemon Diamond/Pokemon Pearl,Donkey Kong Country,Pokemon Black 2/Pokemon White 2,Final Fantasy X
Pokemon Diamond/Pokemon Pearl,Super Mario Land 2: 6 Golden Coins,Mario Kart 64,GoldenEye 007
Pokemon Diamond/Pokemon Pearl,Grand Theft Auto: Vice City,Call of Duty: Black Ops II,Grand Theft Auto III,Pokemon FireRed/Pokemon LeafGreen
Pokemon Diamond/Pokemon Pearl,Super Mario Bros. 3,Gran Turismo 4,Pokémon Platinum Version
Pokemon Diamond/Pokemon Pearl,Gran Turismo 3: A-Spec,Call of Duty: Black Ops 3,Gran Turismo 4,Super Smash Bros. for Wii U and 3DS
Pokemon Diamond/Pokemon Pearl,Super Mario 64,Gran Turismo,Star Wars Battlefront (2015),Super Smash Bros. for Wii U and 3DS
Pokemon Diamond/Pokemon Pearl,Super Mario Galaxy,Pokemon FireRed/Pokemon LeafGreen,New Super Mario Bros. 2,GoldenEye 007
Pokemon Diamond/Pokemon Pearl,Gran Turismo 3: A-Spec,Minecraft,The Legend of Zelda: Ocarina of Time
Pokemon Diamond/Pokemon Pearl,Gran Turismo 3: A-Spec,Pokemon X/Pokemon Y,Halo 3,Gran Turismo 2,Mario Party 8
Pokemon Diamond/Pokemon Pearl,Gran Turismo 3: A-Spec,Super Mario 3D Land,Gran Turismo 5,Pokemon FireRed/Pokemon LeafGreen
Pokemon Diamond/Pokemon Pearl,Call of Duty: Black Ops,Pokemon X/Pokemon Y,Super Mario Bros. 2
Pokemon Diamond/Pokemon Pearl,Pokemon Black 2/Pokemon White 2,FIFA Soccer 13,Star Wars Battlefront (2015)
Super Mario Land,Pokemon X/Pokemon Y,Grand Theft Auto III,Gran Turismo,Grand Theft Auto: Liberty City Stories
Super Mario Land,Call of Duty: Black Ops II,Super Mario 3D Land,Mario Party DS,FIFA Soccer 13
Super Mario Land,Gran Turismo,Just Dance 2,Call of Duty 4: Modern Warfare,Pokémon Platinum Version,Call of Duty: Advanced Warfare
Super Mario Land,Gran Turismo 4,Pokemon Black 2/Pokemon White 2,Grand Theft Auto: Liberty City Stories
Super Mario Land,Just Dance 3,The Elder Scrolls V: Skyrim,FIFA Soccer 13,Star Wars Battlefront (2015)
Super Mario Land,Mario Kart 7,Call of Duty: Ghosts,Mario Party DS,Star Wars Battlefront (2015)
Super Mario Land,Gran Turismo 3: A-Spec,Super Mario Galaxy 2,Super Smash Bros. for Wii U and 3DS
Super Mario Land,Super Mario Kart,Pac-Man,Battlefield 3
Super Mario Land,Pokemon Ruby/Pokemon Sapphire,Gran Turismo 4,Just Dance 3
Super Mario Land,Call of Duty: Black Ops,Final Fantasy VII,Wii Party,Super Mario Galaxy 2
Super Mario Land,Call of Duty: Modern Warfare 2,Gran Turismo 2,Wii Party,The Legend of Zelda: Ocarina of Time
Super Mario Land,Pokemon X/Pokemon Y,Donkey Kong Country,Call of Duty: World at War
Super Mario Land,Halo 4,The Sims 3
Super Mario Land,Animal Crossing: Wild World,Pokemon HeartGold/Pokemon SoulSilver,Super Mario 3D Land,Super Mario Bros. 2
Super Mario Land,Pokemon Black/Pokemon White,Gran Turismo 4,FIFA 16,Battlefield 3
Super Mario Land,Super Mario Bros. 3,The Elder Scrolls V: Skyrim,Grand Theft Auto: Liberty City Stories
Super Mario Land,Gran Turismo 5,Just Dance 2,Animal Crossing: New Leaf,Pac-Man
Super Mario Land,Grand Theft Auto: Vice City,Animal Crossing: New Leaf,Call of Duty: Advanced Warfare
Super Mario Bros. 3,Call of Duty: Black Ops II,Halo 4,Call of Duty 4: Modern Warfare,Super Mario Bros. 2
Super Mario Bros. 3,Just Dance 2,Battlefield 3
Super Mario Bros. 3,Call of Duty: Black Ops,Call of Duty: Black Ops II,Pokemon HeartGold/Pokemon SoulSilver,GoldenEye 007
Super Mario Bros. 3,Call of Duty: Black Ops II,Super Mario 64,Halo 4
Super Mario Bros. 3,Mario Kart 64,Minecraft,Crash Bandicoot 2: Cortex Strikes Back
Super Mario Bros. 3,Animal Crossing: Wild World,Call of Duty: Advanced Warfare,The Legend of Zelda: Ocarina of Time
Super Mario Bros. 3,Call of Duty: Black Ops 3,Grand Theft Auto IV,Super Mario All-Stars,Halo: Reach
Super Mario Bros. 3,Call of Duty: Modern Warfare 3,Mario Kart 7,Super Mario 3D Land,Star Wars Battlefront (2015)
Super Mario Bros. 3,Pac-Man,The Legend of Zelda: Ocarina of Time,Super Smash Bros. for Wii U and 3DS
Super Mario Bros. 3,Call of Duty: Black Ops 3,Halo: Reach,Animal Crossing: New Leaf,Mario Party 8
Super Mario Bros. 3,Gran Turismo 4,The Elder Scrolls V: Skyrim,Mario Party 8
Super Mario Bros. 3,Halo 4
Grand Theft Auto: Vice City,Super Mario 3D Land,Call of Duty: Ghosts,The Sims 3
Grand Theft Auto: Vice City,Pokémon Yellow: Special Pikachu Edition,Grand Theft Auto III,Super Mario Land 2: 6 Golden Coins,Halo: Reach,Super Mario Galaxy 2
Grand Theft Auto: Vice City,Grand Theft Auto III,Super Mario 3D Land
Grand Theft Auto: Vice City,Grand Theft Auto IV,Gran Turismo,Just Dance 3,Pac-Man
Grand Theft Auto: Vice City,Gran Turismo 5,New Super Mario Bros. 2,Battlefield 3
Grand Theft Auto: Vice City,Star Wars Battlefront (2015),Super Mario Bros. 2
Grand Theft Auto: Vice City,Call of Duty: Modern Warfare 2,Mario Kart 7,Halo 2,Pokemon Black 2/Pokemon White 2
Grand Theft Auto: Vice City,Call of Duty: Modern Warfare 3,Mario Party 8,Final Fantasy VIII
Grand Theft Auto: Vice City,Mario Kart 7,Gran Turismo,GoldenEye 007
Grand Theft Auto: Vice City,Just Dance 3,Super Mario Kart
Grand Theft Auto: Vice City,Super Mario 64,Mario Party 8,Battlefield 3
Grand Theft Auto: Vice City,Final Fantasy VII,Minecraft
Grand Theft Auto: Vice City,Pokemon Ruby/Pokemon Sapphire,Call of Duty: Modern Warfare 3,Call of Duty: Black Ops,Mario Kart 7,The Legend of Zelda: Ocarina of Time
Grand Theft Auto: Vice City,Pokemon Omega Ruby/Pokemon Alpha Sapphire,Just Dance 3,New Super Mario Bros. 2
Grand Theft Auto: Vice City,Call of Duty: Modern Warfare 2,Super Smash Bros. Brawl,Super Smash Bros. for Wii U and 3DS,Battlefield 3
Grand Theft Auto: Vice City,Halo: Reach,Super Smash Bros. for Wii U and 3DS,Call of Duty: World at War
Grand Theft Auto: Vice City,Pokemon Omega Ruby/Pokemon Alpha Sapphire,Grand Theft Auto IV,Final Fantasy VII
Pokemon Ruby/Pokemon Sapphire,Gran Turismo 2,Super Mario Galaxy 2
Pokemon Ruby/Pokemon Sapphire,The Sims 3,Battlefield 3
Pokemon Ruby/Pokemon Sapphire,Call of Duty: Modern Warfare 2,Super Mario 3D Land
Pokemon Ruby/Pokemon Sapphire,Super Mario Kart,The Legend of Zelda: Ocarina of Time,Super Mario Bros. 2
Pokemon Ruby/Pokemon Sapphire,Call of Duty: Black Ops,Just Dance 3,Mario Party 8
Pokemon Ruby/Pokemon Sapphire,Mario Kart 7,Final Fantasy VIII,Call of Duty: Advanced Warfare
Pokemon Ruby/Pokemon Sapphire,Super Mario All-Stars,Call of Duty 4: Modern Warfare,GoldenEye 007,Super Smash Bros. for Wii U and 3DS
Pokemon Ruby/Pokemon Sapphire,Call of Duty: Modern Warfare 3,Super Mario 64
Pokemon Ruby/Pokemon Sapphire,New Super Mario Bros. 2,Star Wars Battlefront (2015)
Pokemon Ruby/Pokemon Sapphire,Super Mario Land 2: 6 Golden Coins,Pokémon Platinum Version,Grand Theft Auto: Liberty City Stories
Pokemon Ruby/Pokemon Sapphire,Halo 3,Call of Duty 4: Modern Warfare,Super Mario Bros. 2
Pokemon Ruby/Pokemon Sapphire,Pokemon Black 2/Pokemon White 2,The Sims 3,Pokémon Platinum Version,Crash Bandicoot 2: Cortex Strikes Back
Pokemon Ruby/Pokemon Sapphire,Call of Duty 4: Modern Warfare,Super Mario Kart,GoldenEye 007
Pokemon Ruby/Pokemon Sapphire,Halo 3,Grand Theft Auto IV,Call of Duty: Ghosts,Final Fantasy VII,Animal Crossing: New Leaf
Pokemon Ruby/Pokemon Sapphire,Call of Duty: Modern Warfare 2,Super Mario Kart,Mario & Sonic at the Olympic Games,Super Mario Galaxy 2
Pokemon Ruby/Pokemon Sapphire,Call of Duty: Black Ops II,Donkey Kong Country,The Elder Scrolls V: Skyrim,Grand Theft Auto: Liberty City Stories
Pokemon Black/Pokemon White,Gran Turismo 5,Halo 4,Pac-Man,Super Mario Bros. 2
Pokemon Black/Pokemon White,Pokemon X/Pokemon Y,Pokemon Omega Ruby/Pokemon Alpha Sapphire,Super Mario Land 2: 6 Golden Coins,Star Wars Battlefront (2015)
Pokemon Black/Pokemon White,Call of Duty: Modern Warfare 3,Halo 3,Final Fantasy VIII
Pokemon Black/Pokemon White,Brain Age 2: More Training in Minutes a Day,Call of Duty: Black Ops 3,Super Mario Galaxy,Gran Turismo,Super Mario All-Stars
Pokemon Black/Pokemon White,Call of Duty: Modern Warfare 2,Grand Theft Auto III,Halo: Reach,Mario & Sonic at the Olympic Games
Pokemon Black/Pokemon White,Gran Turismo 2,The Elder Scrolls V: Skyrim
Pokemon Black/Pokemon White,Call of Duty: Advanced Warfare
Pokemon Black/Pokemon White,Grand Theft Auto III,Super Mario Land 2: 6 Golden Coins,Gran Turismo 5,Call of Duty 4: Modern Warfare
Pokemon Black/Pokemon White,Super Mario 64,Super Mario All-Stars,Minecraft,FIFA 16
Pokemon Black/Pokemon White,Brain Age 2: More Training in Minutes a Day,Just Dance 2,Final Fantasy X
Pokemon Black/Pokemon White,Pokemon Black 2/Pokemon White 2,Mario & Sonic at the Olympic Games,Pac-Man,Crash Bandicoot 2: Cortex Strikes Back
Pokemon Black/Pokemon White,Pokemon HeartGold/Pokemon SoulSilver,Pokemon Black 2/Pokemon White 2,Mario & Sonic at the Olympic Games,Super Smash Bros. for Wii U and 3DS
Pokemon Black/Pokemon White,Pokemon HeartGold/Pokemon SoulSilver,Just Dance 3,Mario Party DS,Mario & Sonic at the Olympic Games
Pokemon Black/Pokemon White,Call of Duty 4: Modern Warfare,Animal Crossing: New Leaf,Star Wars Battlefront (2015)
Pokemon Black/Pokemon White,Halo 3,New Super Mario Bros. 2,Halo 2
Pokemon Black/Pokemon White,Super Mario Galaxy,Just Dance 3,Halo 2
Brain Age 2: More Training in Minutes a Day,Pokemon HeartGold/Pokemon SoulSilver,Pac-Man,The Legend of Zelda: Ocarina of Time
Brain Age 2: More Training in Minutes a Day,Gran Turismo 3: A-Spec,Donkey Kong Country,Call of Duty: Advanced Warfare
Brain Age 2: More Training in Minutes a Day,Super Mario Land 2: 6 Golden Coins,Animal Crossing: New Leaf,Call of Duty: World at War
Brain Age 2: More Training in Minutes a Day,Minecraft,Pac-Man,The Legend of Zelda: Ocarina of Time
Brain Age 2: More Training in Minutes a Day,New Super Mario Bros. 2,Pac-Man,Super Mario Galaxy 2
Brain Age 2: More Training in Minutes a Day,Call of Duty: Black Ops,Pokemon Omega Ruby/Pokemon Alpha Sapphire
Brain Age 2: More Training in Minutes a Day,Super Smash Bros. Brawl,Super Mario 64,Wii Party
Brain Age 2: More Training in Minutes a Day,Animal Crossing: Wild World,Super Mario 3D Land,Call of Duty: World at War
Brain Age 2: More Training in Minutes a Day,Super Mario 64,Pokemon Omega Ruby/Pokemon Alpha Sapphire,FIFA Soccer 13,Call of Duty: World at War
Brain Age 2: More Training in Minutes a Day,Call of Duty: Ghosts,The Elder Scrolls V: Skyrim,FIFA 16,Final Fantasy VIII
Brain Age 2: More Training in Minutes a Day,Mario Kart 7,Gran Turismo 5,FIFA 16,Grand Theft Auto: Liberty City Stories
Brain Age 2: More Training in Minutes a Day,Call of Duty: Modern Warfare 2,New Super Mario Bros. 2,Halo 4,Mario Party 8,Final Fantasy VIII
Brain Age 2: More Training in Minutes a Day,Mario Kart 7,Just Dance 2,FIFA 16
Brain Age 2: More Training in Minutes a Day,Gran Turismo 2,Halo 2,Pac-Man
Brain Age 2: More Training in Minutes a Day,Call of Duty: Modern Warfare 2,Gran Turismo 2,Animal Crossing: New Leaf,Final Fantasy X
Brain Age 2: More Training in Minutes a Day,Pokemon HeartGold/Pokemon SoulSilver,Mario Party DS,Halo 2
Brain Age 2: More Training in Minutes a Day,Pokemon Omega Ruby/Pokemon Alpha Sapphire,Super Mario All-Stars,Gran Turismo 2,Pac-Man
Brain Age 2: More Training in Minutes a Day,Gran Turismo
Gran Turismo 3: A-Spec,Pokemon FireRed/Pokemon LeafGreen,Call of Duty: Ghosts,Donkey Kong Country
Gran Turismo 3: A-Spec,Pokemon Omega Ruby/Pokemon Alpha Sapphire,Grand Theft Auto IV,Pokemon Black 2/Pokemon White 2,The Sims 3
Gran Turismo 3: A-Spec,Super Mario 64,Grand Theft Auto IV,Grand Theft Auto: Liberty City Stories
Gran Turismo 3: A-Spec,Pokemon Black 2/Pokemon White 2,The Sims 3,GoldenEye 007
Gran Turismo 3: A-Spec,Super Mario 3D Land,New Super Mario Bros. 2,Pokemon Black 2/Pokemon White 2,Battlefield 3
Gran Turismo 3: A-Spec,Minecraft,Super Mario Kart
Gran Turismo 3: A-Spec,The Elder Scrolls V: Skyrim,Wii Party,Super Mario Galaxy 2,The Legend of Zelda: Ocarina of Time
Gran Turismo 3: A-Spec,Call of Duty: Black Ops 3,Super Mario All-Stars,Call of Duty: World at War
Gran Turismo 3: A-Spec,Pokémon Yellow: Special Pikachu Edition,Pokemon X/Pokemon Y,Final Fantasy VII,The Elder Scrolls V: Skyrim
Gran Turismo 3: A-Spec,Mario Kart 7,Gran Turismo 5,Halo 4
Gran Turismo 3: A-Spec,Pokemon Omega Ruby/Pokemon Alpha Sapphire,Super Mario Land 2: 6 Golden Coins,Grand Theft Auto IV
Call of Duty: Modern Warfare 3,Call of Duty: Black Ops,Halo 3,Call of Duty: Ghosts
Call of Duty: Modern Warfare 3,Call of Duty: Ghosts,Halo 4,Wii Party,Grand Theft Auto: Liberty City Stories
Call of Duty: Modern Warfare 3,Gran Turismo 2,FIFA Soccer 13,Mario & Sonic at the Olympic Games,Pokémon Platinum Version
Call of Duty: Modern Warfare 3,Super Smash Bros. Brawl,Super Mario 64,Pokemon Black 2/Pokemon White 2
Call of Duty: Modern Warfare 3,Pokemon HeartGold/Pokemon SoulSilver,Final Fantasy VIII,Battlefield 3
Call of Duty: Modern Warfare 3,Mario Kart 7,New Super Mario Bros. 2,Call of Duty: Advanced Warfare
Call of Duty: Modern Warfare 3,Final Fantasy VIII,Star Wars Battlefront (2015),Crash Bandicoot 2: Cortex Strikes Back
Call of Duty: Modern Warfare 3,Mario Party DS,The Elder Scrolls V: Skyrim,Super Mario Bros. 2
Call of Duty: Modern Warfare 3,Gran Turismo 5,Donkey Kong Country
Call of Duty: Modern Warfare 3,Pokémon Yellow: Special Pikachu Edition,Call of Duty: Black Ops II,Super Mario 64,Gran Turismo 5,Halo 4
Call of Duty: Modern Warfare 3,Super Mario 64,Halo: Reach
Call of Duty: Modern Warfare 3,Call of Duty: Black Ops,Super Mario Galaxy,The Elder Scrolls V: Skyrim
Call of Duty: Modern Warfare 3,New Super Mario Bros. 2,Grand Theft Auto: Liberty City Stories,The Legend of Zelda: Ocarina of Time
Call of Duty: Modern Warfare 3,Pokemon FireRed/Pokemon LeafGreen,Mario Kart 64,Super Mario Bros. 2
Call of Duty: Modern Warfare 3,Super Mario All-Stars,FIFA 16,Mario & Sonic at the Olympic Games
Call of Duty: Modern Warfare 3,Grand Theft Auto III,Grand Theft Auto IV,Call of Duty: Ghosts
Pokémon Yellow: Special Pikachu Edition,Grand Theft Auto III,The Sims 3,Mario & Sonic at the Olympic Games
Pokémon Yellow: Special Pikachu Edition,Super Mario Land 2: 6 Golden Coins,Crash Bandicoot 2: Cortex Strikes Back
Pokémon Yellow: Special Pikachu Edition,Super Mario 64,Gran Turismo 4,Mario & Sonic at the Olympic Games,Final Fantasy X
Pokémon Yellow: Special Pikachu Edition,Call of Duty: Black Ops 3,Mario Party 8,FIFA Soccer 13,The Sims 3
Pokémon Yellow: Special Pikachu Edition,Mario Party DS
Pokémon Yellow: Special Pikachu Edition,Animal Crossing: Wild World,Call of Duty: Ghosts,Pokemon Black 2/Pokemon White 2,Super Smash Bros. for Wii U and 3DS
Pokémon Yellow: Special Pikachu Edition,Grand Theft Auto III,GoldenEye 007,Call of Duty: World at War
Pokémon Yellow: Special Pikachu Edition,Call of Duty: Modern Warfare 2,Halo: Reach,Crash Bandicoot 2: Cortex Strikes Back
Pokémon Yellow: Special Pikachu Edition,Halo 3,Just Dance 3,Super Mario Bros. 2
Pokémon Yellow: Special Pikachu Edition,Halo: Reach,Just Dance 2,GoldenEye 007
Pokémon Yellow: Special Pikachu Edition,Grand Theft Auto IV,Pokemon FireRed/Pokemon LeafGreen,Halo: Reach,Minecraft,Wii Party
Pokémon Yellow: Special Pikachu Edition,Super Mario Land 2: 6 Golden Coins,Final Fantasy VII,Just Dance 2,Pokemon Black 2/Pokemon White 2,Battlefield 3
Pokémon Yellow: Special Pikachu Edition,Mario Kart 64,Super Mario Bros. 2
Pokémon Yellow: Special Pikachu Edition,Super Smash Bros. Brawl,Super Mario Land 2: 6 Golden Coins,Gran Turismo 5,Mario & Sonic at the Olympic Games
Pokémon Yellow: Special Pikachu Edition,Pokemon FireRed/Pokemon LeafGreen,Minecraft,Mario & Sonic at the Olympic Games,Call of Duty: Advanced Warfare,Super Mario Bros. 2
Pokémon Yellow: Special Pikachu Edition,Gran Turismo 2,Mario Party DS,Super Mario Kart
Pokémon Yellow: Special Pikachu Edition,Call of Duty: Black Ops 3,Call of Duty 4: Modern Warfare,Mario & Sonic at the Olympic Games,Call of Duty: Advanced Warfare
Call of Duty: Black Ops,Super Mario 64,Just Dance 3,Halo 4,Final Fantasy X
Call of Duty: Black Ops,Pokemon Black 2/Pokemon White 2,Call of Duty: World at War
Call of Duty: Black Ops,Super Mario Land 2: 6 Golden Coins,Pokémon Platinum Version,Grand Theft Auto: Liberty City Stories
Call of Duty: Black Ops,Mario & Sonic at the Olympic Games,Call of Duty: Advanced Warfare,The Legend of Zelda: Ocarina of Time,Call of Duty: World at War
Call of Duty: Black Ops,Animal Crossing: Wild World,Call of Duty: Ghosts,Mario Kart 64,Final Fantasy X
Call of Duty: Black Ops,Halo 3,Super Mario 64,GoldenEye 007,Call of Duty: Advanced Warfare
Call of Duty: Black Ops,Pokemon HeartGold/Pokemon SoulSilver,Final Fantasy VII,Pac-Man
Call of Duty: Black Ops,Minecraft,Halo 2,Final Fantasy X,Final Fantasy VIII
Call of Duty: Black Ops,Call of Duty: Modern Warfare 2,Halo 4,Pokemon Black 2/Pokemon White 2,The Sims 3
Call of Duty: Black Ops,Call of Duty: Modern Warfare 2,Super Mario Bros. 2
Call of Duty: Black Ops,Super Mario Galaxy 2,The Legend of Zelda: Ocarina of Time,Battlefield 3
Call of Duty: Black Ops,Animal Crossing: Wild World,Gran Turismo 4,New Super Mario Bros. 2,Call of Duty 4: Modern Warfare
Call of Duty: Black Ops,Gran Turismo,Gran Turismo 2,Super Smash Bros. for Wii U and 3DS
Call of Duty: Black Ops,Animal Crossing: Wild World,FIFA Soccer 13,Super Smash Bros. for Wii U and 3DS
Pokemon X/Pokemon Y,Call of Duty: Black Ops II,Pokemon Omega Ruby/Pokemon Alpha Sapphire,GoldenEye 007,Battlefield 3
Pokemon X/Pokemon Y,Call of Duty: Black Ops II,Gran Turismo 2,Minecraft,Final Fantasy X
Pokemon X/Pokemon Y,Mario Party 8,Crash Bandicoot 2: Cortex Strikes Back,Battlefield 3
Pokemon X/Pokemon Y,Super Mario All-Stars,Just Dance 3,Super Mario Galaxy 2,The Legend of Zelda: Ocarina of Time
Pokemon X/Pokemon Y,Super Mario 64,Donkey Kong Country,FIFA Soccer 13,Mario & Sonic at the Olympic Games
Pokemon X/Pokemon Y,Super Mario 3D Land,Mario Kart 64,Call of Duty: Advanced Warfare
Pokemon X/Pokemon Y,Call of Duty: Black Ops II,Super Mario Land 2: 6 Golden Coins,Gran Turismo 2,Pokemon Black 2/Pokemon White 2
Pokemon X/Pokemon Y,GoldenEye 007,Star Wars Battlefront (2015)
Pokemon X/Pokemon Y,Pokemon HeartGold/Pokemon SoulSilver,Super Mario 64,Gran Turismo 4,Halo: Reach
Pokemon X/Pokemon Y,Grand Theft Auto III,Donkey Kong Country,Mario Party DS,FIFA 16
Pokemon X/Pokemon Y,The Sims 3,Pac-Man,Super Mario Bros. 2
Pokemon X/Pokemon Y,Gran Turismo,Pokémon Platinum Version,Super Mario Bros. 2
Pokemon X/Pokemon Y,Halo 3,Halo: Reach,Mario Party 8
Pokemon X/Pokemon Y,Pokemon Omega Ruby/Pokemon Alpha Sapphire,Halo 4,Halo 2,Star Wars Battlefront (2015)
Pokemon X/Pokemon Y,Grand Theft Auto III,Super Smash Bros. Brawl,Mario Party DS
Pokemon X/Pokemon Y,Super Smash Bros. Brawl,Final Fantasy VII,Call of Duty 4: Modern Warfare
Call of Duty: Black Ops 3,Gran Turismo,Final Fantasy X
Call of Duty: Black Ops 3,Super Mario 64,Super Mario Galaxy,The Legend of Zelda: Ocarina of Time
Call of Duty: Black Ops 3,Pokemon HeartGold/Pokemon SoulSilver,Call of Duty: Ghosts,Halo: Reach
Call of Duty: Black Ops 3,Animal Crossing: Wild World,The Sims 3,Pac-Man,Super Mario Bros. 2
Call of Duty: Black Ops 3,Call of Duty: Modern Warfare 2,Pokémon Platinum Version,Pac-Man
Call of Duty: Black Ops 3,Grand Theft Auto III,Just Dance 2,FIFA Soccer 13,Call of Duty: World at War
Call of Duty: Black Ops 3,Mario Kart 7,Halo 3
Call of Duty: Black Ops 3,The Elder Scrolls V: Skyrim,Final Fantasy VIII,The Legend of Zelda: Ocarina of Time,Super Smash Bros. for Wii U and 3DS,Call of Duty: World at War
Call of Duty: Black Ops 3,Pokemon FireRed/Pokemon LeafGreen,Mario Kart 64,The Elder Scrolls V: Skyrim
Call of Duty: Black Ops II,Super Smash Bros. Brawl,Halo 3,Call of Duty 4: Modern Warfare,The Elder Scrolls V: Skyrim
Call of Duty: Black Ops II,Grand Theft Auto III,Animal Crossing: New Leaf,Super Mario Kart
Call of Duty: Black Ops II,Halo 3,Halo 4,The Legend of Zelda: Ocarina of Time,Super Mario Bros. 2
Call of Duty: Black Ops II,Mario Kart 64,Donkey Kong Country
Call of Duty: Black Ops II,Super Mario Galaxy,Pac-Man,Grand Theft Auto: Liberty City Stories
Call of Duty: Black Ops II,Gran Turismo 4,New Super Mario Bros. 2,Minecraft
Call of Duty: Modern Warfare 2,Call of Duty: Ghosts,Halo 2,The Sims 3,Final Fantasy VIII
Call of Duty: Modern Warfare 2,Pac-Man,Super Smash Bros. for Wii U and 3DS
Call of Duty: Modern Warfare 2,Grand Theft Auto III,Pokemon HeartGold/Pokemon SoulSilver
Call of Duty: Modern Warfare 2,Super Mario All-Stars,Mario & Sonic at the Olympic Games
Call of Duty: Modern Warfare 2,Grand Theft Auto IV,The Legend of Zelda: Ocarina of Time,Call of Duty: World at War
Call of Duty: Modern Warfare 2,New Super Mario Bros. 2,Minecraft,Super Mario Kart,FIFA Soccer 13
Call of Duty: Modern Warfare 2,Mario Kart 7,Gran Turismo 5,Grand Theft Auto: Liberty City Stories
Grand Theft Auto III,Super Mario Land 2: 6 Golden Coins,Gran Turismo,Donkey Kong Country,Crash Bandicoot 2: Cortex Strikes Back
Grand Theft Auto III,Call of Duty: Ghosts,Gran Turismo 2,Animal Crossing: New Leaf
Grand Theft Auto III,Mario Kart 7,Pac-Man
Grand Theft Auto III,Animal Crossing: Wild World,Just Dance 2,Crash Bandicoot 2: Cortex Strikes Back
Grand Theft Auto III,Halo 3,Gran Turismo,Super Mario 3D Land
Grand Theft Auto III,Halo 3,Pokemon FireRed/Pokemon LeafGreen,Final Fantasy X,The Legend of Zelda: Ocarina of Time
Grand Theft Auto III,Pokemon Omega Ruby/Pokemon Alpha Sapphire,Minecraft,Mario Party DS
Super Smash Bros. Brawl,Super Mario Galaxy,New Super Mario Bros. 2,Gran Turismo 2,FIFA Soccer 13
Super Smash Bros. Brawl,Super Mario 64,Super Mario Land 2: 6 Golden Coins,Star Wars Battlefront (2015)
Super Smash Bros. Brawl,Just Dance 2,Mario Party DS,Super Mario Bros. 2,Super Smash Bros. for Wii U and 3DS
Super Smash Bros. Brawl,Super Mario 64,Super Mario Galaxy,Pokemon FireRed/Pokemon LeafGreen,Mario Party 8,Super Mario Galaxy 2
Super Smash Bros. Brawl,Pokemon FireRed/Pokemon LeafGreen,Halo 2,Battlefield 3
Super Smash Bros. Brawl,Animal Crossing: Wild World,Super Mario All-Stars,Call of Duty: Advanced Warfare
Super Smash Bros. Brawl,Super Mario All-Stars,Minecraft
Super Smash Bros. Brawl,Super Mario 64,Mario Party DS,Call of Duty: Advanced Warfare
Super Smash Bros. Brawl,Super Mario 3D Land,Halo 2,Super Mario Bros. 2
Super Smash Bros. Brawl,Mario Kart 7,Just Dance 3,Animal Crossing: New Leaf
Super Smash Bros. Brawl,Super Mario Land 2: 6 Golden Coins,Minecraft,FIFA 16,Halo 2
Super Smash Bros. Brawl,Super Mario 3D Land,Grand Theft Auto: Liberty City Stories,Super Mario Galaxy 2,Star Wars Battlefront (2015)
Animal Crossing: Wild World,Mario Party DS,FIFA Soccer 13,Super Smash Bros. for Wii U and 3DS
Animal Crossing: Wild World,Mario Kart 7,Gran Turismo,Grand Theft Auto: Liberty City Stories,Star Wars Battlefront (2015)
Animal Crossing: Wild World,Mario Kart 7,The Sims 3,Call of Duty: World at War
Animal Crossing: Wild World,Super Mario 3D Land,Gran Turismo 5
Animal Crossing: Wild World,Super Mario Land 2: 6 Golden Coins,Halo 4,Grand Theft Auto: Liberty City Stories
Animal Crossing: Wild World,Animal Crossing: New Leaf,Battlefield 3
Animal Crossing: Wild World,Super Mario All-Stars,FIFA Soccer 13,Crash Bandicoot 2: Cortex Strikes Back,Battlefield 3
Animal Crossing: Wild World,Gran Turismo 4,Final Fantasy VII,The Legend of Zelda: Ocarina of Time
Animal Crossing: Wild World,Pokemon Black 2/Pokemon White 2,Super Mario Galaxy 2
Mario Kart 7,Gran Turismo 4,Star Wars Battlefront (2015),Super Mario Bros. 2
Mario Kart 7,Pokemon HeartGold/Pokemon SoulSilver,Mario Kart 64,Mario Party DS,Final Fantasy X
Mario Kart 7,Halo: Reach,Super Mario Kart,Super Mario Bros. 2
Mario Kart 7,Gran Turismo 5,FIFA Soccer 13,Super Mario Galaxy 2,Star Wars Battlefront (2015)
Mario Kart 7,Crash Bandicoot 2: Cortex Strikes Back,Super Smash Bros. for Wii U and 3DS
Halo 3,Call of Duty 4: Modern Warfare,Animal Crossing: New Leaf,FIFA 16,Halo 2
Halo 3,Super Mario Land 2: 6 Golden Coins,Mario Kart 64,FIFA Soccer 13
Halo 3,Mario Kart 64,Super Mario Galaxy 2,The Legend of Zelda: Ocarina of Time
Pokemon HeartGold/Pokemon SoulSilver,Grand Theft Auto IV,Halo 4,Mario Party DS,Mario & Sonic at the Olympic Games,Super Mario Galaxy 2
Pokemon HeartGold/Pokemon SoulSilver,Gran Turismo 5,Super Mario Kart,Pokémon Platinum Version,Battlefield 3
Pokemon HeartGold/Pokemon SoulSilver,Donkey Kong Country,Grand Theft Auto: Liberty City Stories
Pokemon HeartGold/Pokemon SoulSilver,Call of Duty 4: Modern Warfare,Super Mario Kart,FIFA 16,Super Mario Galaxy 2
Pokemon HeartGold/Pokemon SoulSilver,Super Mario 64,FIFA Soccer 13
Pokemon HeartGold/Pokemon SoulSilver,Gran Turismo 2,Call of Duty 4: Modern Warfare,Super Smash Bros. for Wii U and 3DS
Pokemon HeartGold/Pokemon SoulSilver,Super Mario Land 2: 6 Golden Coins,Pokemon FireRed/Pokemon LeafGreen,Minecraft,Mario Party DS
Pokemon HeartGold/Pokemon SoulSilver,Super Mario Galaxy,FIFA 16,Mario & Sonic at the Olympic Games
Super Mario 64,Super Mario 3D Land,Just Dance 3,FIFA 16,Mario & Sonic at the Olympic Games
Super Mario 64,Super Mario 3D Land,The Legend of Zelda: Ocarina of Time,Battlefield 3
Super Mario 64,Halo 2,Call of Duty: Advanced Warfare,Crash Bandicoot 2: Cortex Strikes Back
Gran Turismo 4,Just Dance 3,Final Fantasy X,Call of Duty: Advanced Warfare,Call of Duty: World at War
Gran Turismo 4,Mario Party 8,Crash Bandicoot 2: Cortex Strikes Back,Super Smash Bros. for Wii U and 3DS
Gran Turismo 4,Super Mario Land 2: 6 Golden Coins,Call of Duty: Ghosts,Minecraft,The Legend of Zelda: Ocarina of Time
Gran Turismo 4,Pokemon Omega Ruby/Pokemon Alpha Sapphire,Just Dance 2,Mario & Sonic at the Olympic Games
Gran Turismo 4,Pokemon FireRed/Pokemon LeafGreen,The Sims 3
Super Mario Galaxy,Call of Duty 4: Modern Warfare,The Elder Scrolls V: Skyrim,The Sims 3
Super Mario Galaxy,Gran Turismo,Call of Duty: Ghosts,Pokémon Platinum Version
Super Mario Galaxy,Just Dance 2,Grand Theft Auto: Liberty City Stories
Super Mario Galaxy,Call of Duty 4: Modern Warfare,Final Fantasy X,Star Wars Battlefront (2015),Call of Duty: Advanced Warfare
Super Mario Galaxy,Gran Turismo,Call of Duty 4: Modern Warfare
Super Mario Galaxy,FIFA 16,Mario Party 8
Super Mario Galaxy,Just Dance 3,Pac-Man
Super Mario Galaxy,Gran Turismo,Final Fantasy VII,The Elder Scrolls V: Skyrim
Super Mario Galaxy,Mario Party DS,Super Mario Galaxy 2
Pokemon Omega Ruby/Pokemon Alpha Sapphire,Halo 4,Battlefield 3
Pokemon Omega Ruby/Pokemon Alpha Sapphire,Super Mario 3D Land,Call of Duty: Ghosts,Gran Turismo 2
Pokemon Omega Ruby/Pokemon Alpha Sapphire,Just Dance 3
Pokemon Omega Ruby/Pokemon Alpha Sapphire,The Elder Scrolls V: Skyrim
Pokemon Omega Ruby/Pokemon Alpha Sapphire,Gran Turismo,Final Fantasy VII,Wii Party,Final Fantasy VIII
Pokemon Omega Ruby/Pokemon Alpha Sapphire,Halo: Reach,Halo 4,Grand Theft Auto: Liberty City Stories,Call of Duty: Advanced Warfare
Pokemon Omega Ruby/Pokemon Alpha Sapphire,FIFA Soccer 13,The Sims 3,Star Wars Battlefront (2015)
Pokemon Omega Ruby/Pokemon Alpha Sapphire,Gran Turismo 5,Gran Turismo 2,FIFA 16,Final Fantasy VIII
Pokemon Omega Ruby/Pokemon Alpha Sapphire,Super Mario Land 2: 6 Golden Coins,Pokemon Black 2/Pokemon White 2,FIFA Soccer 13
Super Mario Land 2: 6 Golden Coins,Final Fantasy VIII,Super Smash Bros. for Wii U and 3DS
Super Mario Land 2: 6 Golden Coins,Pokemon FireRed/Pokemon LeafGreen,Minecraft,Super Smash Bros. for Wii U and 3DS,Battlefield 3
Super Mario Land 2: 6 Golden Coins,Halo: Reach,Super Smash Bros. for Wii U and 3DS
Grand Theft Auto IV,Call of Duty 4: Modern Warfare,Call of Duty: Advanced Warfare
Grand Theft Auto IV,Call of Duty 4: Modern Warfare,FIFA Soccer 13,The Legend of Zelda: Ocarina of Time
Gran Turismo,Just Dance 2,Call of Duty 4: Modern Warfare,Super Mario Kart,Final Fantasy VIII,Crash Bandicoot 2: Cortex Strikes Back
Gran Turismo,Pokemon FireRed/Pokemon LeafGreen,Just Dance 2,Crash Bandicoot 2: Cortex Strikes Back
Gran Turismo,Crash Bandicoot 2: Cortex Strikes Back
Super Mario 3D Land,Halo 4,Star Wars Battlefront (2015)
Super Mario 3D Land,Just Dance 3,New Super Mario Bros. 2,Halo 4,Grand Theft Auto: Liberty City Stories
Super Mario 3D Land,Donkey Kong Country,The Elder Scrolls V: Skyrim
Gran Turismo 5,Halo 2,Mario Party 8,Crash Bandicoot 2: Cortex Strikes Back
Gran Turismo 5,Pokemon Black 2/Pokemon White 2,Final Fantasy X,Call of Duty: World at War
Gran Turismo 5,Super Mario All-Stars,New Super Mario Bros. 2,Minecraft,Battlefield 3
Gran Turismo 5,Gran Turismo 2,Minecraft
Gran Turismo 5,Super Mario Bros. 2,Call of Duty: World at War
Super Mario All-Stars,The Elder Scrolls V: Skyrim,Star Wars Battlefront (2015)
Super Mario All-Stars,New Super Mario Bros. 2
Super Mario All-Stars,New Super Mario Bros. 2,Animal Crossing: New Leaf,Mario & Sonic at the Olympic Games
Super Mario All-Stars,Call of Duty: Ghosts,FIFA Soccer 13
Pokemon FireRed/Pokemon LeafGreen,Call of Duty: Ghosts,The Elder Scrolls V: Skyrim
Pokemon FireRed/Pokemon LeafGreen,Call of Duty: Ghosts,New Super Mario Bros. 2,Call of Duty 4: Modern Warfare,Wii Party
Pokemon FireRed/Pokemon LeafGreen,Halo 4,Final Fantasy VII
Just Dance 3
Just Dance 3,Halo 4,The Sims 3,Star Wars Battlefront (2015)
Just Dance 3,Star Wars Battlefront (2015),Crash Bandicoot 2: Cortex Strikes Back
Call of Duty: Ghosts,Super Mario Galaxy 2,Call of Duty: Advanced Warfare
Call of Duty: Ghosts,Mario Kart 64,Super Smash Bros. for Wii U and 3DS
Halo: Reach,Final Fantasy VIII,Pac-Man,Battlefield 3
Halo: Reach,Super Mario Kart,Halo 2
Mario Kart 64,Call of Duty 4: Modern Warfare,FIFA 16,Halo 2,Pac-Man
Mario Kart 64,Wii Party,Pokémon Platinum Version
New Super Mario Bros. 2,Grand Theft Auto: Liberty City Stories,Crash Bandicoot 2: Cortex Strikes Back
New Super Mario Bros. 2,Donkey Kong Country,FIFA Soccer 13,Call of Duty: Advanced Warfare
Halo 4,Star Wars Battlefront (2015),Call of Duty: World at War
Halo 4,Wii Party,Mario Party 8
Halo 4,Minecraft,Mario Party DS,Pac-Man,Crash Bandicoot 2: Cortex Strikes Back
Halo 4,Pokemon Black 2/Pokemon White 2,FIFA Soccer 13,Crash Bandicoot 2: Cortex Strikes Back
Final Fantasy VII,Mario Party 8,FIFA Soccer 13,Pokémon Platinum Version
Final Fantasy VII,Call of Duty 4: Modern Warfare,FIFA Soccer 13,Pokémon Platinum Version,Super Mario Galaxy 2
Final Fantasy VII,Mario Party DS,Mario Party 8,GoldenEye 007
Final Fantasy VII,Pokemon Black 2/Pokemon White 2,FIFA Soccer 13
Final Fantasy VII,Mario Party DS,Mario Party 8
Just Dance 2,Call of Duty 4: Modern Warfare,Grand Theft Auto: Liberty City Stories
Just Dance 2,Wii Party
Donkey Kong Country,Halo 2,Pokemon Black 2/Pokemon White 2
Donkey Kong Country,Wii Party,The Sims 3,Pac-Man
Animal Crossing: New Leaf,The Elder Scrolls V: Skyrim,FIFA 16,Super Mario Galaxy 2
Mario Party DS
Mario Party DS,Final Fantasy VIII,Super Mario Bros. 2
Super Mario Kart,GoldenEye 007,Final Fantasy X,The Legend of Zelda: Ocarina of Time
Mario Party 8,Pokémon Platinum Version,Grand Theft Auto: Liberty City Stories,Super Smash Bros. for Wii U and 3DS
Pac-Man,Super Mario Galaxy 2

